cdc_name,v2012,v2013,v2014,v2015,v2016,h2012,h2013,h2014,h2015,h2016,r2012,r2013,r2014,r2015,r2016,ro2012,ro2013,ro2014,ro2015,ro2016,ag2012,ag2013,ag2014,ag2015,ag2016,a2012,a2013,a2014,a2015,a2016,dv2012,dv2013,dv2014,dv2015,dv2016,p2012,p2013,p2014,p2015,p2016,b2012,b2013,b2014,b2015,b2016,l2012,l2013,l2014,l2015,l2016,mv2012,mv2013,mv2014,mv2015,mv2016,ar2012,ar2013,ar2014,ar2015,ar2016,d2012,d2013,d2014,d2015,d2016,dp2012,dp2013,dp2014,dp2015,dp2016,dt2012,dt2013,dt2014,dt2015,dt2016,od2012,od2013,od2014,od2015,od2016,lq2012,lq2013,lq2014,lq2015,lq2016,Ia2012,Ia2013,Ia2014,Ia2015,Ia2016,II2012,II2013,II2014,II2015,II2016,_v2012,_v2013,_v2014,_v2015,_v2016,_h2012,_h2013,_h2014,_h2015,_h2016,_r2012,_r2013,_r2014,_r2015,_r2016,_ro2012,_ro2013,_ro2014,_ro2015,_ro2016,_ag2012,_ag2013,_ag2014,_ag2015,_ag2016,_a2012,_a2013,_a2014,_a2015,_a2016,_dv2012,_dv2013,_dv2014,_dv2015,_dv2016,_p2012,_p2013,_p2014,_p2015,_p2016,_b2012,_b2013,_b2014,_b2015,_b2016,_l2012,_l2013,_l2014,_l2015,_l2016,_mv2012,_mv2013,_mv2014,_mv2015,_mv2016,_ar2012,_ar2013,_ar2014,_ar2015,_ar2016,_d2012,_d2013,_d2014,_d2015,_d2016,_dp2012,_dp2013,_dp2014,_dp2015,_dp2016,_dt2012,_dt2013,_dt2014,_dt2015,_dt2016,_od2012,_od2013,_od2014,_od2015,_od2016,_lq2012,_lq2013,_lq2014,_lq2015,_lq2016,_Ia2012,_Ia2013,_Ia2014,_Ia2015,_Ia2016,_II2012,_II2013,_II2014,_II2015,_II2016,pctchgrt_v,pctchgrt_h,pctchgrt_r,pctchgrt_ro,pctchgrt_ag,pctchgrt_a,pctchgrt_dv,pctchgrt_p,pctchgrt_b,pctchgrt_l,pctchgrt_mv,pctchgrt_ar,pctchgrt_d,pctchgrt_dp,pctchgrt_dt,pctchgrt_od,pctchgrt_lq,pctchgrt_Ia,pctchgrt_II
Bellaire Puritas Community Dev. Corp.,183,168,193,192,227,1,0,1,1,4,22,21,20,16,16,111,95,113,121,135,49,52,59,54,72,338,335,335,399,372,191,226,249,260,305,1289,1475,1334,1153,1229,455,456,344,250,330,652,819,816,750,673,174,189,162,146,210,8,11,12,7,16,52,77,75,39,42,36,41,39,20,16,15,36,32,17,26,1,0,4,2,0,4,2,2,2,2,1472,1643,1527,1345,1456,1230,1274,1338,1370,1304,779.06,715.78,824.95,824.78,980.2,4.26,0,4.27,4.3,17.27,93.66,89.47,85.49,68.73,69.09,472.54,404.75,483,519.79,582.94,208.6,221.55,252.19,231.97,310.9,1438.91,1427.29,1431.91,1714.01,1606.32,813.11,962.89,1064.32,1116.9,1317.01,5487.45,6284.33,5702.01,4953,5306.89,1937,1942.82,1470.38,1073.94,1424.96,2775.65,3489.4,3487.89,3221.82,2906.05,740.74,805.25,692.45,627.18,906.79,34.06,46.87,51.29,30.07,69.09,221.37,328.06,320.58,167.53,181.36,153.26,174.68,166.7,85.92,69.09,63.86,153.38,136.78,73.03,112.27,4.26,0,17.1,8.59,0,17.03,8.52,8.55,8.59,8.64,6266.5,7000.11,6526.97,5777.79,6287.09,5236.28,5427.96,5719.11,5885.18,5630.75,25.82,305.4,-26.23,23.36,49.04,11.63,61.97,-3.29,-26.43,4.7,22.42,102.85,-18.07,-54.92,75.81,-100,-49.27,0.33,7.53
Buckeye Shaker Square Dev Corp.,402,400,380,432,403,9,4,8,10,14,29,39,27,24,30,225,209,202,234,202,139,148,143,164,157,516,491,482,572,456,350,379,400,446,355,1556,1446,1452,1219,1166,672,503,490,398,414,542,535,670,589,501,320,385,267,220,236,22,23,25,12,15,138,116,81,64,49,102,82,61,40,22,30,31,20,24,27,6,3,0,0,0,2,4,7,5,7,1958,1846,1832,1651,1569,1914,1909,2028,1959,1560,1693.41,1686.35,1607.22,1836.3,1721.92,37.91,16.86,33.84,42.51,59.82,122.16,164.42,114.2,102.02,128.18,947.81,881.12,854.37,994.66,863.1,585.53,623.95,604.82,697.11,670.82,2173.64,2069.99,2038.63,2431.39,1948.38,1474.37,1597.81,1691.81,1895.81,1516.83,6554.61,6096.15,6141.28,5181.59,4982.03,2830.78,2120.58,2072.47,1691.77,1768.92,2283.16,2255.49,2833.78,2503.66,2140.65,1347.99,1623.11,1129.28,935.15,1008.37,92.67,96.96,105.74,51.01,64.09,581.32,489.04,342.59,272.04,209.37,429.67,345.7,258,170.03,94,126.37,130.69,84.59,102.02,115.36,25.27,12.65,0,0,0,8.42,16.86,29.61,21.25,29.91,8248.03,7782.49,7748.5,7017.89,6703.95,8062.68,8048.09,8577.49,8327.1,6665.5,1.68,57.79,4.93,-8.94,14.57,-10.36,2.88,-23.99,-37.51,-6.24,-25.19,-30.84,-63.98,-78.12,-8.71,-100,255.23,-18.72,-17.33
Burton Bell Carr Dev. Corp.,514,538,483,473,477,8,3,8,10,15,51,39,50,55,39,262,316,228,208,218,193,180,197,200,205,624,628,680,632,480,366,388,413,476,402,1268,1113,1174,958,972,541,436,424,276,266,484,426,478,458,477,227,233,250,207,214,16,18,22,17,15,199,176,154,98,73,92,81,86,56,26,94,78,57,33,47,13,17,11,9,0,6,5,7,8,11,1782,1651,1657,1431,1449,2118,2042,2190,2043,1658,2794.59,2927.43,2636.67,2595,2630.53,43.5,16.32,43.67,54.86,82.72,277.28,212.21,272.95,301.74,215.08,1424.48,1719.46,1244.64,1141.14,1202.21,1049.33,979.44,1075.41,1097.25,1130.52,3392.65,3417.15,3712.09,3467.32,2647.08,1989.92,2111.23,2254.55,2611.46,2216.93,6894.04,6056.19,6408.81,5255.84,5360.33,2941.39,2372.42,2314.6,1514.21,1466.92,2631.48,2318,2609.38,2512.71,2630.53,1234.19,1267.83,1364.74,1135.66,1180.16,86.99,97.94,120.1,93.27,82.72,1081.95,957.67,840.68,537.65,402.58,500.2,440.75,469.47,307.23,143.38,511.07,424.42,311.16,181.05,259.19,70.68,92.5,60.05,49.38,0,32.62,27.21,38.21,43.89,60.66,9688.63,8983.62,9045.49,7850.84,7990.87,11515.44,11111.18,11955.11,11208.43,9143.45,-5.87,90.16,-22.43,-15.6,7.74,-21.98,11.41,-22.25,-50.13,-0.04,-4.38,-4.91,-62.79,-71.34,-49.28,-100,85.96,-17.52,-20.6
"Campus District, Inc.",104,120,108,104,172,2,0,0,0,1,13,13,9,12,15,47,67,50,48,81,42,40,49,44,75,219,155,224,167,166,72,75,61,80,52,351,282,274,264,332,53,70,45,45,50,242,158,188,178,245,53,49,39,38,32,3,5,2,3,5,70,49,64,27,39,45,39,44,18,10,21,8,19,7,29,4,2,1,2,0,3,0,0,2,1,455,402,382,368,504,556,460,537,429,488,2146.14,2478.31,2237.71,2165.61,3600.18,41.27,0,0,0,20.93,268.27,268.48,186.48,249.88,313.97,969.89,1383.72,1035.98,999.51,1695.43,866.71,826.1,1015.26,916.22,1569.84,4519.27,3201.15,4641.17,3477.47,3474.59,1485.79,1548.94,1263.89,1665.85,1088.43,7243.22,5824.03,5677.14,5497.31,6949.18,1093.71,1445.68,932.38,937.04,1046.56,4993.9,3263.11,3895.27,3706.52,5128.16,1093.71,1011.98,808.06,791.28,669.8,61.91,103.26,41.44,62.47,104.66,1444.52,1011.98,1326.05,562.23,816.32,928.62,805.45,911.66,374.82,209.31,433.36,165.22,393.67,145.76,607.01,82.54,41.31,20.72,41.65,0,61.91,0,0,41.65,20.93,9389.36,8302.34,7914.85,7662.92,10549.35,11473.59,9500.19,11126.37,8933.13,10214.45,67.75,-49.29,17.04,74.81,81.13,-23.12,-26.74,-4.06,-4.31,2.69,-38.76,69.05,-43.49,-77.46,40.07,-100,-66.19,12.35,-10.97
Collinwood Nottingham Villages Dev. Corp.,85,113,119,83,109,2,1,0,2,1,4,9,13,8,10,36,57,58,35,49,43,46,48,38,49,197,210,193,176,212,85,132,135,129,130,505,427,363,286,389,267,153,149,98,139,167,191,166,135,170,65,78,46,51,76,6,5,2,2,4,70,36,54,30,28,52,26,34,18,18,15,9,17,11,10,3,1,3,1,0,1,1,3,3,6,590,540,482,369,498,690,706,695,615,671,1356.7,1805.07,1907.07,1336.79,1764.66,31.92,15.97,0,32.21,16.19,63.84,143.77,208.34,128.85,161.9,574.6,910.52,929.5,563.71,793.29,686.33,734.81,769.24,612.03,793.29,3144.35,3354.55,3092.98,2834.65,3432.19,1356.7,2108.57,2163.48,2077.67,2104.65,8060.39,6820.91,5817.36,4606.3,6297.75,4261.63,2444.03,2387.84,1578.38,2250.35,2665.52,3051.04,2660.28,2174.3,2752.23,1037.48,1245.97,737.19,821.4,1230.41,95.77,79.87,32.05,32.21,64.76,1117.28,575.07,865.39,483.18,453.31,829.98,415.32,544.88,289.91,291.41,239.42,143.77,272.44,177.17,161.9,47.88,15.97,48.08,16.11,0,15.96,15.97,48.08,48.32,97.14,9417.09,8625.98,7724.43,5943.1,8062.41,11013.21,11277.66,11137.93,9905.17,10863.21,30.07,-49.28,153.6,38.06,15.58,9.15,55.13,-21.87,-47.2,3.25,18.6,-32.38,-59.43,-64.89,-32.38,-100,508.65,-14.39,-1.36
"Cudell Improvement, Inc.",211,292,243,237,266,3,4,0,4,10,18,29,32,20,31,116,169,147,135,142,74,90,64,78,83,332,417,387,395,381,212,282,258,236,241,937,878,860,678,781,418,329,319,200,242,360,394,367,340,397,151,149,163,130,133,8,6,11,8,9,152,149,134,67,53,78,69,86,30,23,72,75,47,34,30,2,5,1,3,0,3,4,1,3,3,1148,1170,1103,915,1047,1455,1539,1428,1332,1169,1325.89,1836.36,1533.15,1502.78,1695.42,18.85,25.16,0,25.36,63.74,113.11,182.38,201.9,126.82,197.59,728.92,1062.82,927.46,856.01,905.07,465,566,403.79,494.59,529.02,2086.23,2622.47,2441.69,2504.63,2428.4,1332.17,1773.47,1627.79,1496.44,1536.07,5887.95,5521.65,5425.97,4299.09,4977.9,2626.64,2069.05,2012.66,1268.17,1542.45,2262.18,2477.82,2315.5,2155.88,2530.38,948.86,937.05,1028.41,824.31,847.71,50.27,37.73,69.4,50.73,57.36,955.14,937.05,845.44,424.84,337.81,490.14,433.93,542.6,190.23,146.6,452.44,471.67,296.54,215.59,191.21,12.57,31.44,6.31,19.02,0,18.85,25.16,6.31,19.02,19.12,7213.84,7358.01,6959.13,5801.86,6673.32,9142.97,9678.61,9009.64,8445.99,7450.92,27.87,238.14,74.69,24.17,13.77,16.4,15.31,-15.46,-41.28,11.86,-10.66,14.1,-64.63,-70.09,-57.74,-100,1.43,-7.49,-18.51
Detroit Shoreway Community Dev. Org.,273,266,223,230,220,4,1,1,3,4,22,20,19,20,20,184,171,132,138,123,63,74,71,69,73,357,292,302,283,285,176,209,222,193,191,906,792,743,755,776,411,328,245,281,320,362,341,321,329,306,117,107,166,135,135,16,16,11,10,15,145,109,159,88,66,103,67,97,40,30,41,36,60,45,36,1,6,2,3,0,2,4,0,2,1,1179,1058,966,985,996,1222,1163,1216,1036,1006,2180.62,2126.42,1788.45,1853.82,1782.42,31.95,7.99,8.02,24.18,32.41,175.73,159.88,152.38,161.2,162.04,1469.72,1366.98,1058.63,1112.29,996.54,503.22,591.56,569.42,556.15,591.44,2851.58,2334.26,2422.03,2281,2309.05,1405.82,1670.76,1780.43,1555.6,1547.47,7236.78,6331.29,5958.83,6085.36,6287.09,3282.91,2622.05,1964.89,2264.88,2592.62,2891.52,2725.97,2574.41,2651.77,2479.19,934.55,855.36,1331.31,1088.11,1093.76,127.8,127.9,88.22,80.6,121.53,1158.2,871.35,1275.17,709.29,534.73,822.72,535.6,777.94,322.4,243.06,327.49,287.79,481.2,362.7,291.67,7.99,47.96,16.04,24.18,0,15.98,31.98,0,16.12,8.1,9417.4,8457.71,7747.28,7939.18,8069.52,9760.87,9297.09,9752.27,8350.24,8150.54,-18.26,1.44,-7.79,-32.2,17.53,-19.03,10.08,-13.12,-21.03,-14.26,17.04,-4.91,-53.83,-70.46,-10.94,-100,-49.31,-14.31,-16.5
Downtown Cleveland Alliance,265,294,269,266,317,2,2,3,1,4,23,30,21,21,36,137,176,162,141,173,103,86,83,103,104,560,535,538,462,554,101,87,84,94,83,1411,1265,1149,1180,1399,141,158,113,130,138,1084,953,895,956,1129,182,147,140,90,126,4,7,1,4,6,324,353,292,151,151,246,268,198,93,76,51,56,66,45,75,27,29,28,13,0,33,18,5,5,5,1676,1559,1418,1446,1716,1819,1807,1694,1462,1694,2298.86,2552.49,2343.01,2328.47,2789.31,17.35,17.36,26.13,8.75,35.2,199.52,260.46,182.91,183.83,316.77,1188.47,1528.02,1411.03,1234.26,1522.24,893.52,746.65,722.94,901.63,915.11,4857.97,4644.84,4686.02,4044.18,4874.7,876.17,755.33,731.65,822.84,730.32,12240.35,10982.65,10007.87,10329.3,12309.92,1223.17,1371.75,984.24,1137.97,1214.27,9403.64,8273.89,7795.51,8368.48,9934.17,1578.84,1276.24,1219.41,787.83,1108.69,34.7,60.77,8.71,35.01,52.79,2810.68,3064.72,2543.34,1321.8,1328.66,2134.04,2326.76,1724.59,814.09,668.73,442.42,486.19,574.86,393.91,659.93,234.22,251.78,243.88,113.8,0,286.27,156.27,43.55,43.77,44,14539.21,13535.14,12350.88,12657.77,15099.24,15779.73,15688.26,14754.86,12797.83,14905.66,21.33,102.88,58.77,28.08,2.42,0.34,-16.65,0.57,-0.73,5.64,-29.78,52.13,-52.73,-68.66,49.16,-100,-84.63,3.85,-5.54
Fairfax Renaissance Dev. Corp.,177,163,148,149,206,3,1,2,3,7,15,17,11,9,11,94,96,78,82,109,65,49,57,55,79,180,192,198,205,214,82,111,107,99,108,423,446,423,359,386,156,155,134,108,117,190,218,206,180,181,75,69,76,63,83,2,4,7,8,5,92,63,35,28,50,48,32,22,11,24,39,26,13,17,25,5,5,0,0,1,3,1,2,3,3,600,609,571,508,592,685,663,628,625,635,3031.01,2793.52,2544.67,2574.68,3578.1,51.37,17.14,34.39,51.84,121.59,256.87,291.35,189.13,155.52,191.06,1609.69,1645.26,1341.11,1416.94,1893.27,1113.08,839.77,980.04,950.38,1372.18,3082.39,3290.53,3404.35,3542.34,3717.06,1404.2,1902.34,1839.73,1710.69,1875.9,7243.61,7643.62,7272.94,6203.42,6704.6,2671.4,2656.42,2303.96,1866.21,2032.22,3253.63,3736.12,3541.9,3110.35,3143.87,1284.33,1182.53,1306.72,1088.62,1441.66,34.25,68.55,120.36,138.24,86.85,1575.44,1079.7,601.78,483.83,868.47,821.97,548.42,378.26,190.08,416.87,667.85,445.59,223.52,293.76,434.24,85.62,85.69,0,0,17.37,51.37,17.14,34.39,51.84,52.11,10274.62,10437.14,9817.6,8778.09,10282.7,11730.19,11362.6,10797.64,10799.82,11029.58,18.05,136.69,-25.62,17.62,23.28,20.59,33.59,-7.44,-23.93,-3.37,12.25,153.58,-44.87,-49.28,-34.98,-79.71,1.44,0.08,-5.97
Famicos Foundation,406,429,385,367,450,9,4,4,14,9,28,25,34,15,24,213,241,213,181,208,156,159,134,157,209,389,442,423,462,469,316,317,289,395,340,1203,1132,1055,923,1021,568,437,392,340,349,451,461,436,423,415,166,220,205,144,232,18,14,22,16,25,245,142,175,115,84,183,111,124,76,50,61,28,45,36,34,1,3,6,3,0,5,10,2,6,5,1609,1561,1440,1290,1471,1786,1788,1742,1749,1668,2073.87,2193.12,1974.57,1891.66,2331.52,45.97,20.45,20.51,72.16,46.63,143.03,127.8,174.38,77.32,124.35,1088.02,1232.03,1092.42,932.95,1077.68,796.86,812.84,687.25,809.24,1082.86,1987.04,2259.58,2169.46,2381.33,2429.96,1614.15,1620.56,1482.21,2035.99,1761.59,6145,5786.98,5410.82,4757.51,5289.96,2901.38,2234.02,2010.47,1752.5,1808.22,2303.74,2356.71,2236.13,2180.31,2150.18,847.94,1124.68,1051.39,742.23,1202.03,91.95,71.57,112.83,82.47,129.53,1251.47,725.93,897.53,592.76,435.22,934.78,567.45,635.96,391.73,259.06,311.59,143.14,230.79,185.56,176.16,5.11,15.34,30.77,15.46,0,25.54,51.12,10.26,30.93,25.91,8218.87,7980.11,7385.39,6649.17,7621.48,9123,9140.57,8934.27,9015.04,8642.17,12.42,1.44,-13.06,-0.95,35.89,22.29,9.13,-13.91,-37.68,-6.67,41.76,40.87,-65.22,-72.29,-43.46,-100,1.45,-7.27,-5.27
Flats Forward,56,40,48,40,33,1,1,2,0,1,9,2,4,3,6,20,16,17,19,17,26,21,25,18,9,80,78,56,57,44,33,24,27,32,33,211,189,176,118,180,54,57,60,31,32,124,99,81,68,120,32,33,34,17,28,1,0,1,2,0,32,31,14,2,7,27,16,8,1,3,5,13,6,1,4,0,2,0,0,0,8,1,1,0,0,267,229,224,158,213,268,225,194,154,191,1822.54,1302.86,1568.5,1313.63,1089.37,32.55,32.57,65.35,0,33.01,292.91,65.14,130.71,98.52,198.07,650.91,521.15,555.51,623.97,561.19,846.18,684,816.93,591.13,297.1,2603.63,2540.59,1829.92,1871.92,1452.49,1074,781.72,882.28,1050.9,1089.37,6867.08,6156.04,5751.18,3875.19,5942,1757.45,1856.58,1960.63,1018.06,1056.36,4035.63,3224.59,2646.85,2233.16,3961.34,1041.45,1074.86,1111.02,558.29,924.31,32.55,0,32.68,65.68,0,1041.45,1009.72,457.48,65.68,231.08,878.73,521.15,261.42,32.84,99.03,162.73,423.43,196.06,32.84,132.04,0,65.14,0,0,0,260.36,32.57,32.68,0,0,8689.62,7458.9,7319.69,5188.82,7031.37,8722.17,7328.61,6339.37,5057.46,6305.13,-40.23,1.41,-32.38,-13.78,-64.89,-44.21,1.43,-13.47,-39.89,-1.84,-11.25,-100,-77.81,-88.73,-18.86,,-100,-19.08,-27.71
Harvard Community Services Center,286,349,273,262,348,5,8,8,12,8,21,17,28,17,15,164,217,128,135,180,96,107,109,98,145,310,326,294,314,338,259,248,265,349,313,1138,1183,1054,1026,1239,544,485,428,403,535,385,391,363,384,390,199,291,241,224,305,10,16,22,15,9,91,90,87,35,48,64,67,69,26,30,19,20,16,9,18,8,3,2,0,0,4,2,3,3,7,1424,1532,1327,1288,1587,1366,1387,1425,1385,1347,1299.06,1586.49,1245.03,1200.84,1603.29,22.71,36.37,36.48,55,36.86,95.39,77.28,127.7,77.92,69.11,744.91,986.44,583.75,618.75,829.29,436.05,486.4,497.1,449.17,668.04,1408.07,1481.94,1340.8,1439.18,1557.22,1176.42,1127.36,1208.55,1599.6,1442.04,5168.98,5377.71,4806.82,4702.54,5708.28,2470.94,2204.72,1951.92,1847.1,2464.83,1748.73,1777.42,1655.48,1760.01,1796.79,903.89,1322.83,1099.09,1026.67,1405.18,45.42,72.73,100.33,68.75,41.46,413.34,409.12,396.77,160.42,221.14,290.7,304.57,314.68,119.17,138.21,86.3,90.92,72.97,41.25,82.93,36.34,13.64,9.12,0,0,18.17,9.09,13.68,13.75,32.25,6468.04,6964.2,6051.86,5903.38,7311.57,6204.6,6305.06,6498.79,6347.97,6205.85,23.42,62.31,-27.55,11.33,53.2,10.59,22.58,10.43,-0.25,2.75,55.46,-8.72,-46.5,-52.46,-3.9,-100,77.49,13.04,0.02
Historic Gateway Dev. Corp.,40,53,38,59,46,0,0,0,0,0,1,3,3,2,3,26,34,28,31,31,13,16,7,26,12,87,79,68,59,94,17,15,10,11,15,214,278,223,286,302,19,27,17,36,29,174,224,186,227,252,21,25,20,21,21,0,2,0,2,0,46,36,23,16,20,39,27,18,10,14,7,8,4,5,6,0,1,1,1,0,10,8,1,2,3,254,331,261,345,348,283,284,224,226,292,4130.02,5476.68,3939.4,6147.04,4817.49,0,0,0,0,0,103.25,310,311.01,208.37,314.18,2684.51,3513.35,2902.72,3229.8,3246.57,1342.26,1653.34,725.68,2708.87,1256.74,8982.79,8163.36,7049.46,6147.04,9844.44,1755.26,1550.01,1036.69,1146.06,1570.92,22095.61,28726.76,23118.08,29797.52,31627.87,1961.76,2790.01,1762.37,3750.74,3037.11,17965.59,23146.74,19282.35,23650.48,26391.46,2168.26,2583.34,2073.37,2187.93,2199.29,0,206.67,0,208.37,0,4749.52,3720.01,2384.38,1666.99,2094.56,4026.77,2790.01,1866.03,1041.87,1466.19,722.75,826.67,414.67,520.94,628.37,0,103.33,103.67,104.19,0,1032.5,826.67,103.67,208.37,314.18,26225.63,34203.45,27057.49,35944.56,36445.36,29219.89,29346.76,23221.75,23546.29,30580.59,16.65,,204.29,20.94,-6.37,9.59,-10.5,43.14,54.82,46.9,1.43,,-55.9,-63.59,-13.06,,-69.57,38.97,4.66
Historic Warehouse District,49,53,37,41,60,0,0,0,0,2,1,5,6,2,5,20,26,14,17,26,28,22,17,22,27,80,74,57,52,82,13,11,6,5,8,248,160,150,183,164,19,14,20,7,12,193,128,111,167,134,36,18,19,9,18,0,0,0,0,0,43,46,15,9,3,36,41,11,5,1,5,4,4,3,2,2,1,0,1,0,16,3,1,0,1,297,213,187,224,224,268,223,181,199,180,2698.74,2921.4,2046.08,2278.62,3351.87,0,0,0,0,111.73,55.08,275.6,331.8,111.15,279.32,1101.53,1433.14,774.19,944.79,1452.48,1542.14,1212.66,940.09,1222.67,1508.34,4406.11,4078.94,3152.07,2889.95,4580.9,715.99,606.33,331.8,277.88,446.92,13658.95,8819.33,8294.91,10170.42,9161.79,1046.45,771.69,1105.99,389.03,670.37,10629.75,7055.46,6138.23,9281.2,7485.85,1982.75,992.17,1050.69,500.18,1005.56,0,0,0,0,0,2368.29,2535.56,829.49,500.18,167.59,1982.75,2259.95,608.29,277.88,55.86,275.38,220.48,221.2,166.73,111.73,110.15,55.12,0,55.58,0,881.22,165.36,55.3,0,55.86,16357.7,11740.73,10340.99,12449.03,12513.66,14760.48,12291.94,10009.19,11059.63,10055.62,24.2,,407.12,31.86,-2.19,3.97,-37.58,-32.92,-35.94,-29.58,-49.28,,-92.92,-97.18,-59.43,-100,-93.66,-23.5,-31.87
Hough Dev. Corp.,441,444,431,458,543,11,11,5,6,10,46,48,38,44,46,221,225,219,218,256,163,160,169,190,231,631,657,635,656,709,316,325,308,344,346,1496,1310,1159,1058,1281,556,443,296,288,310,673,631,627,573,716,243,213,221,181,241,24,23,15,16,14,231,216,179,134,141,149,144,106,73,53,77,66,69,59,87,5,6,4,2,1,8,4,10,7,14,1937,1754,1590,1516,1824,2197,2222,2119,2091,2217,2014.77,2030.11,1977.06,2111.42,2516.28,50.26,50.3,22.94,27.66,46.34,210.16,219.47,174.31,202.84,213.17,1009.67,1028.77,1004.58,1005,1186.31,744.69,731.57,775.23,875.92,1070.46,2882.82,3004.02,2912.84,3024.22,3285.53,1443.69,1486.01,1412.84,1585.87,1603.37,6834.7,5989.75,5316.5,4877.48,5936.19,2540.17,2025.54,1357.8,1327.71,1436.55,3074.7,2885.14,2876.14,2641.58,3317.96,1110.18,973.91,1013.76,834.43,1116.8,109.65,105.16,68.81,73.76,64.88,1055.36,987.62,821.1,617.75,653.4,680.73,658.42,486.24,336.54,245.6,351.79,301.77,316.51,272,403.16,22.84,27.43,18.35,9.22,4.63,36.55,18.29,45.87,32.27,64.88,8849.47,8019.87,7293.56,6988.9,8452.46,10037.32,10159.72,9720.16,9639.7,10273.64,24.89,-7.8,1.43,17.49,43.75,13.97,11.06,-13.15,-43.45,7.91,0.6,-40.83,-38.09,-63.92,14.6,-79.73,77.51,-4.49,2.35
Kamm's Corners Dev. Corp.,80,100,100,100,103,0,1,3,1,0,16,14,18,21,21,33,46,51,47,49,31,39,28,31,33,187,195,185,168,189,126,118,115,119,133,766,715,745,690,685,220,188,190,182,171,446,412,438,430,379,99,100,115,76,132,1,15,2,2,3,30,41,27,18,11,19,21,11,11,6,11,19,15,7,5,0,1,1,0,0,0,0,1,2,0,846,815,845,790,788,691,758,693,639,676,333.55,417.27,418.62,420.72,435.59,0,4.17,12.56,4.21,0,66.71,58.42,75.35,88.35,88.81,137.59,191.94,213.5,197.74,207.22,129.25,162.74,117.21,130.42,139.56,779.67,813.68,774.45,706.8,799.28,525.34,492.38,481.42,500.65,562.46,3193.72,2983.48,3118.74,2902.94,2896.87,917.26,784.47,795.38,765.7,723.16,1859.53,1719.15,1833.57,1809.08,1602.79,412.76,417.27,481.42,319.74,558.23,4.17,62.59,8.37,8.41,12.69,125.08,171.08,113.03,75.73,46.52,79.22,87.63,46.05,46.28,25.37,45.86,79.28,62.79,29.45,21.15,0,4.17,4.19,0,0,0,0,4.19,8.41,0,3527.26,3400.75,3537.36,3323.66,3332.46,2881.01,3162.91,2901.05,2688.38,2858.81,30.59,,33.13,50.61,7.98,2.52,7.07,-9.29,-21.16,-13.81,35.24,204.32,-62.81,-67.98,-53.88,,,-5.52,-0.77
Little Italy Redevelopment Corp.,4,11,7,11,8,0,1,0,1,0,1,2,1,1,1,3,5,4,8,4,0,3,2,1,3,10,17,10,11,7,2,1,6,2,3,96,62,73,64,74,34,18,10,24,10,52,35,46,32,55,10,7,17,7,8,0,2,0,1,1,3,5,3,5,8,1,4,1,3,4,1,1,1,2,4,1,0,1,0,0,2,2,1,0,2,100,73,80,75,82,52,48,49,50,49,233.2,641.82,409.76,647.12,473.08,0,58.35,0,58.83,0,58.3,116.69,58.54,58.83,59.13,174.9,291.74,234.15,470.63,236.54,0,175.04,117.07,58.83,177.4,583,991.91,585.36,647.12,413.94,116.6,58.35,351.22,117.66,177.4,5596.84,3617.54,4273.16,3765.08,4375.97,1982.22,1050.25,585.36,1411.9,591.35,3031.62,2042.16,2692.68,1882.54,3252.41,583,408.43,995.12,411.81,473.08,0,116.69,0,58.83,59.13,174.9,291.74,175.61,294.15,473.08,58.3,233.39,58.54,176.49,236.54,58.3,58.35,58.54,117.66,236.54,58.3,0,58.54,0,0,116.6,116.69,58.54,0,118.27,5830.05,4259.36,4682.92,4412.2,4849.05,3031.62,2800.68,2868.29,2941.47,2897.6,102.86,,1.42,35.24,,-29,52.14,-21.81,-70.17,7.28,-18.85,,170.49,305.73,305.73,-100,1.43,-16.83,-4.42
Metro West Dev. Corp.,547,520,548,537,554,4,2,13,4,7,69,59,49,72,53,305,254,295,255,260,169,205,191,206,234,915,893,939,788,756,565,644,589,575,670,1856,1999,1762,1527,1756,815,838,663,556,591,721,802,734,682,792,293,310,332,254,333,27,49,33,35,40,224,272,308,175,202,148,183,186,94,86,73,88,114,80,116,3,1,8,1,0,5,7,3,2,0,2403,2519,2310,2064,2310,2975,3194,3092,2659,2712,1727.18,1643.25,1737.34,1710.99,1774.32,12.63,6.32,41.21,12.74,22.42,217.87,186.45,155.35,229.41,169.74,963.05,802.66,935.25,812.48,832.71,533.63,647.82,605.53,656.36,749.44,2889.16,2821.96,2976.94,2510.72,2421.27,1784.02,2035.1,1867.33,1832.06,2145.83,5860.41,6317.03,5586.13,4865.32,5624,2573.4,2648.16,2101.93,1771.52,1892.82,2276.59,2534.4,2327.03,2172.98,2536.57,925.16,979.63,1052.55,809.29,1066.51,85.25,154.84,104.62,111.52,128.11,707.29,859.55,976.46,557.58,646.95,467.32,578.3,589.68,299.5,275.44,230.5,278.09,361.42,254.9,371.52,9.47,3.16,25.36,3.19,0,15.79,22.12,9.51,6.37,0,7587.59,7960.28,7323.47,6576.3,7398.32,9393.71,10093.34,9802.67,8472.09,8685.82,2.73,77.51,-22.09,-13.53,40.44,-16.19,20.28,-4.03,-26.45,11.42,15.28,50.28,-8.53,-41.06,61.18,-100,-100,-2.49,-7.54
Midtown Cleveland Inc.,80,105,118,98,136,1,0,1,0,2,11,18,20,19,13,55,71,70,54,85,13,16,27,25,36,108,129,137,138,138,27,25,34,44,33,317,290,298,229,346,92,93,56,32,83,171,164,175,166,212,49,31,62,29,46,5,2,5,2,5,45,35,32,28,20,32,22,19,16,7,12,8,10,10,13,1,5,3,2,0,3,2,2,4,2,397,395,416,327,482,355,419,407,422,392,3907.32,5132.49,5786.63,4829.88,6737.5,48.84,0,49.04,0,99.08,537.26,879.85,980.78,936.41,644.03,2686.28,3470.54,3432.75,2661.37,4210.93,634.94,782.09,1324.06,1232.11,1783.45,5274.88,6305.63,6718.37,6801.27,6836.58,1318.72,1222.02,1667.33,2168.52,1634.83,15482.75,14175.44,14613.69,11286.16,17140.98,4493.42,4545.92,2746.2,1577.11,4111.85,8351.89,8016.46,8581.86,8181.23,10502.57,2393.23,1515.31,3040.43,1429.25,2278.86,244.21,97.76,245.2,98.57,247.7,2197.87,1710.83,1569.26,1379.97,990.81,1562.93,1075.38,931.75,788.55,346.78,586.1,391.05,490.39,492.85,644.03,48.84,244.4,147.12,98.57,0,146.52,97.76,98.08,197.14,99.08,19390.07,19307.93,20400.32,16116.04,23878.48,17338.72,20481.07,19958.96,20798.08,19419.84,72.43,102.87,19.87,56.76,180.88,29.61,23.97,10.71,-8.49,25.75,-4.78,1.43,-54.92,-77.81,9.88,-100,-32.38,23.15,12
Mt. Pleasant NOW Comm. Dev. Corp.,323,303,303,291,277,7,2,4,8,7,20,29,33,14,17,154,150,132,134,124,142,122,134,135,129,374,376,334,333,333,267,275,287,323,306,940,1000,850,819,789,398,412,303,328,283,347,337,347,289,311,174,240,186,186,175,21,11,14,16,20,107,126,90,55,49,81,96,77,36,22,21,27,11,17,27,5,3,2,2,0,3,1,4,11,6,1263,1303,1153,1110,1066,1415,1510,1377,1373,1188,1965,1844.81,1850.79,1786.38,1709.27,42.59,12.18,24.43,49.11,43.19,121.67,176.57,201.57,85.94,104.9,936.87,913.27,806.28,822.59,765.16,863.87,742.79,818.5,828.73,796.01,2275.26,2289.27,2040.14,2044.21,2054.82,1624.32,1674.33,1753.06,1982.82,1888.22,5718.57,6088.48,5191.98,5027.65,4868.63,2421.27,2508.45,1850.79,2013.52,1746.29,2111,2051.82,2119.55,1774.1,1919.07,1058.54,1461.24,1136.13,1141.81,1079.86,127.76,66.97,85.51,98.22,123.41,650.94,767.15,549.74,337.63,302.36,492.77,584.49,470.33,221,135.75,127.76,164.39,67.19,104.36,166.61,30.42,18.27,12.22,12.28,0,18.25,6.09,24.43,67.53,37.02,7683.56,7933.29,7042.77,6814.03,6577.9,8608.27,9193.61,8411.01,8428.53,7330.72,-13.01,1.41,-13.78,-18.33,-7.86,-9.69,16.25,-14.86,-27.88,-9.09,2.01,-3.4,-53.55,-72.45,30.41,-100,102.85,-14.39,-14.84
Northeast Shores Dev. Corp.,168,212,210,153,154,5,4,2,1,1,16,21,22,14,8,79,105,90,68,77,68,82,96,70,68,287,348,301,355,302,180,225,208,205,268,909,819,716,640,658,389,319,291,158,220,367,361,307,330,279,145,135,108,150,158,8,4,10,2,1,158,108,56,45,22,110,66,44,20,14,47,41,12,23,8,1,1,0,2,0,5,6,5,12,6,1077,1031,926,793,812,1149,1217,1132,1127,1073,848.67,1071.81,1065.14,779.91,789.08,25.26,20.22,10.14,5.1,5.12,80.83,106.17,111.59,71.36,40.99,399.08,530.85,456.49,346.63,394.54,343.51,414.57,486.92,356.82,348.43,1449.82,1759.38,1526.7,1809.6,1547.42,909.29,1137.53,1054.99,1044.98,1373.21,4591.93,4140.61,3631.61,3262.37,3371.54,1965.08,1612.77,1475.97,805.4,1127.26,1853.95,1825.11,1557.13,1682.16,1429.57,732.49,682.52,547.78,764.62,809.58,40.41,20.22,50.72,10.19,5.12,798.16,546.02,284.04,229.39,112.73,555.68,333.68,223.17,101.95,71.73,237.43,207.28,60.86,117.24,40.99,5.05,5.06,0,10.19,0,25.26,30.33,25.36,61.17,30.74,5440.6,5212.42,4696.75,4042.28,4160.62,5804.32,6152.78,5741.59,5744.83,5497.96,-7.02,-79.73,-49.29,-1.14,1.43,6.73,51.02,-26.58,-42.64,-22.89,10.52,-87.33,-85.88,-87.09,-82.74,-100,21.69,-23.53,-5.28
Ohio City Inc.,148,174,124,126,134,2,1,2,0,2,15,4,9,12,16,89,112,85,81,76,42,57,28,33,40,221,191,197,162,161,70,67,88,77,86,813,609,487,572,631,260,189,100,167,184,445,316,273,323,349,102,98,110,77,92,6,6,4,5,6,65,58,52,40,34,37,34,29,24,18,24,24,21,14,16,4,0,2,2,0,0,1,3,0,2,961,783,611,698,765,741,679,659,588,661,1941.9,2284.88,1633.59,1668.24,1783.37,26.24,13.13,26.35,0,26.62,196.81,52.53,118.57,158.88,212.94,1167.76,1470.73,1119.8,1072.44,1011.46,551.08,748.5,368.87,436.92,532.35,2899.73,2508.12,2595.29,2144.88,2142.7,918.47,879.81,1159.32,1019.48,1144.55,10667.33,7997.1,6415.77,7573.27,8397.8,3411.45,2481.86,1317.41,2211.08,2448.8,5838.82,4149.56,3596.52,4276.51,4644.74,1338.34,1286.89,1449.15,1019.48,1224.4,78.73,78.79,52.7,66.2,79.85,852.86,761.63,685.05,529.6,452.5,485.48,446.47,382.05,317.76,239.56,314.9,315.16,276.66,185.36,212.94,52.48,0,26.35,26.48,0,0,13.13,39.52,0,26.62,12609.24,10281.98,8049.36,9241.5,10181.17,9722.63,8916.3,8681.72,7785.11,8797.06,-8.16,1.45,8.2,-13.38,-3.4,-26.11,24.61,-21.28,-28.22,-20.45,-8.51,1.42,-46.94,-50.66,-32.38,-100,,-19.26,-9.52
Old Brooklyn Community Dev. Corp.,139,176,162,178,202,0,1,2,1,3,13,18,25,22,31,62,75,66,87,99,64,82,69,68,69,419,431,388,393,450,311,300,316,360,309,1222,1231,1221,1105,1259,475,478,468,404,394,541,509,507,536,602,202,237,236,157,254,4,7,10,8,9,57,73,114,67,81,33,43,60,35,30,22,30,51,30,51,2,0,3,2,0,2,5,0,2,1,1361,1407,1383,1283,1461,1606,1601,1568,1576,1563,439.81,557.33,514.66,568.32,648.29,0,3.17,6.35,3.19,9.63,41.13,57,79.42,70.24,99.49,196.17,237.5,209.68,277.77,317.73,202.5,259.66,219.21,217.11,221.45,1325.75,1364.82,1232.64,1254.77,1444.21,984.03,949.99,1003.9,1149.4,991.69,3866.51,3898.13,3878.99,3528.03,4040.59,1502.94,1513.65,1486.79,1289.89,1264.49,1711.77,1611.82,1610.69,1711.34,1932.04,639.15,750.49,749.75,501.27,815.18,12.66,22.17,31.77,25.54,28.88,180.35,231.16,362.17,213.92,259.96,104.41,136.17,190.61,111.75,96.28,69.61,95,162.02,95.78,163.68,6.33,0,9.53,6.39,0,6.33,15.83,0,6.39,3.21,4306.32,4455.46,4393.65,4096.35,4688.88,5081.52,5069.78,4981.37,5031.84,5016.24,47.4,,141.89,61.97,9.36,8.94,0.78,4.5,-15.87,12.87,27.54,128.12,44.14,-7.79,135.14,-100,-49.29,8.88,-1.28
Shaker Square Area Dev. Corp.,87,107,78,99,109,1,1,0,2,2,3,5,5,4,7,66,71,56,69,82,17,30,17,24,18,96,122,103,112,89,51,55,63,74,47,428,414,466,363,353,133,114,104,97,123,204,190,275,200,163,90,102,83,62,66,1,8,4,4,1,10,8,13,10,11,8,7,11,9,5,2,1,2,1,6,0,0,0,0,0,0,0,1,0,0,515,521,544,462,462,352,395,519,417,323,987.47,1215.45,888.9,1133.87,1254.88,11.35,11.36,0,22.91,23.03,34.05,56.8,56.98,45.81,80.59,749.12,806.52,638.19,790.27,944.04,192.95,340.78,193.74,274.88,207.23,1089.62,1385.84,1173.81,1282.76,1024.63,578.86,624.77,717.96,847.54,541.1,4857.9,4702.78,5310.63,4157.51,4063.97,1509.58,1294.97,1185.2,1110.96,1416.06,2315.45,2158.28,3133.95,2290.64,1876.56,1021.52,1158.66,945.88,710.1,759.84,11.35,90.88,45.58,45.81,11.51,113.5,90.88,148.15,114.53,126.64,90.8,79.52,125.36,103.08,57.56,22.7,11.36,22.79,11.45,69.08,0,0,0,0,0,0,0,11.4,0,0,5845.37,5918.24,6199.53,5291.38,5318.85,3995.28,4486.96,5914.62,4775.99,3718.59,27.08,102.91,136.68,26.02,7.4,-5.96,-6.52,-16.34,-6.2,-18.95,-25.62,1.41,11.58,-36.61,204.32,,,-9.01,-6.93
Slavic Village Dev. Corp.,489,497,378,444,456,5,3,8,9,5,39,36,18,36,23,282,302,209,235,238,163,156,143,164,190,552,576,537,567,601,401,408,414,462,479,1841,1609,1451,1332,1522,966,764,649,533,608,584,532,477,561,607,261,285,291,209,277,30,28,34,29,30,90,112,116,68,70,71,82,77,37,31,18,27,35,31,39,1,3,4,0,0,5,3,3,4,6,2330,2106,1829,1776,1978,2138,2134,2079,1975,1891,2208.2,2246.13,1713.86,2023.18,2088.65,22.58,13.56,36.27,41.01,22.9,176.11,162.7,81.61,164.04,105.35,1273.44,1364.85,947.61,1070.83,1090.13,736.07,705.02,648.37,747.3,870.27,2492.69,2603.16,2434.77,2583.65,2752.8,1810.81,1843.91,1877.09,2105.2,2194,8313.49,7271.69,6578.88,6069.54,6971.32,4362.21,3452.81,2942.58,2428.73,2784.86,2637.2,2404.31,2162.73,2556.31,2780.28,1178.61,1288.02,1319.4,952.35,1268.76,135.47,126.54,154.16,132.14,137.41,406.42,506.17,525.95,309.86,320.63,320.62,370.59,349.12,168.6,141.99,81.28,122.02,158.69,141.26,178.63,4.52,13.56,18.14,0,0,22.58,13.56,13.6,18.23,27.48,10521.69,9517.82,8292.74,8092.72,9059.96,9654.66,9644.36,9426.24,8999.5,8661.47,-5.41,1.42,-40.18,-14.39,18.23,10.43,21.16,-16.14,-36.16,5.43,7.65,1.43,-21.11,-55.71,119.77,-100,21.7,-13.89,-10.29
St. Clair Superior Dev. Corp.,618,587,578,605,653,14,11,9,11,21,54,34,31,30,38,312,308,288,266,264,238,234,250,298,330,757,853,741,824,811,490,585,538,638,692,2088,2024,1810,1639,1832,965,858,690,549,616,765,794,827,758,774,312,345,272,301,406,46,27,21,31,36,452,264,203,170,127,328,192,135,95,60,119,67,66,74,66,5,5,2,1,1,4,8,15,16,17,2706,2611,2388,2244,2485,3176,3106,2949,2921,2874,2269.07,2156.99,2130.8,2241.49,2431.89,51.4,40.42,33.18,40.75,78.21,198.27,124.94,114.28,111.15,141.52,1145.55,1131.77,1061.71,985.51,983.18,873.85,859.85,921.63,1104.07,1228.98,2779.43,3134.43,2731.7,3052.87,3020.31,1799.1,2149.64,1983.34,2363.75,2577.13,7666.38,7437.38,6672.57,6072.4,6822.69,3543.13,3152.8,2543.69,2034.01,2294.09,2808.8,2917.63,3048.74,2808.35,2882.51,1145.55,1267.73,1002.73,1115.19,1512.02,168.9,99.21,77.42,114.85,134.07,1659.58,970.09,748.36,629.84,472.97,1204.3,705.52,497.68,351.97,223.45,436.92,246.2,243.31,274.17,245.8,18.36,18.37,7.37,3.7,3.72,14.69,29.4,55.3,59.28,63.31,9935.45,9594.36,8803.37,8313.89,9254.58,11661.12,11413.29,10871.49,10822.14,10703.29,7.18,52.16,-28.62,-14.17,40.64,8.67,43.25,-11.01,-35.25,2.62,31.99,-20.62,-71.5,-81.45,-43.74,-79.74,330.97,-6.85,-8.21
Tremont West Dev. Corp.,78,91,86,75,75,0,0,0,0,2,16,16,11,9,3,35,47,43,41,35,27,28,32,25,35,144,143,172,119,115,84,89,86,85,58,532,479,418,345,441,159,108,116,110,148,292,278,191,146,198,74,84,107,82,88,7,9,4,7,7,32,34,31,23,13,24,16,15,12,8,8,17,15,11,5,0,1,1,0,0,1,0,1,0,0,610,570,504,420,516,507,500,543,466,440,992.49,1158.84,1098.71,962.97,967.97,0,0,0,0,25.81,203.59,203.75,140.53,115.56,38.72,445.35,598.52,549.36,526.42,451.72,343.55,356.56,408.82,320.99,451.72,1832.29,1821.03,2197.42,1527.92,1484.22,1068.83,1133.37,1098.71,1091.37,748.56,6769.28,6099.8,5340.25,4429.67,5691.67,2023.15,1375.32,1481.98,1412.36,1910.13,3715.47,3540.18,2440.16,1874.59,2555.44,941.59,1069.69,1367,1052.85,1135.75,89.07,114.61,51.1,89.88,90.34,407.17,432.97,396.05,295.31,167.78,305.38,203.75,191.64,154.08,103.25,101.79,216.49,191.64,141.24,64.53,0,12.73,12.78,0,0,12.72,0,12.78,0,0,7761.76,7258.64,6438.96,5392.64,6659.64,6451.17,6367.23,6937.22,5983.27,5678.77,-2.47,,-80.98,1.43,31.49,-19,-29.96,-15.92,-5.59,-31.22,20.62,1.43,-58.79,-66.19,-36.6,,-100,-14.2,-11.97
Union Miles Dev. Corp.,422,401,358,387,391,11,7,12,15,10,26,26,31,30,27,209,219,156,157,191,176,149,159,185,163,418,418,373,417,434,351,347,353,406,365,1310,1297,1186,1219,1043,587,510,448,504,389,415,431,434,395,365,281,333,279,296,257,27,23,25,24,32,170,130,144,75,71,129,91,110,50,36,35,34,29,24,35,6,5,5,1,0,5,1,7,10,9,1732,1698,1544,1606,1434,1883,1795,1718,1715,1512,1945.96,1850.61,1657.52,1800.75,1828.81,50.72,32.3,55.56,69.8,46.77,119.89,119.99,143.53,139.59,126.29,963.76,1010.68,722.27,730.54,893.36,811.59,687.63,736.16,860.83,762.39,1927.52,1929.07,1726.97,1940.35,2029.93,1618.56,1601.4,1634.37,1889.16,1707.2,6040.78,5985.65,5491.12,5672.14,4878.39,2706.82,2353.65,2074.22,2345.17,1819.46,1913.68,1989.06,2009.4,1837.98,1707.2,1295.77,1536.79,1291.76,1377.32,1202.06,124.5,106.14,115.75,111.67,149.67,783.92,599.95,666.71,348.98,332.09,594.86,419.96,509.29,232.66,168.38,161.39,156.91,134.27,111.67,163.7,27.67,23.07,23.15,4.65,0,23.06,4.61,32.41,46.53,42.1,7986.74,7836.26,7148.64,7472.9,6707.2,8683.04,8283.92,7954.25,7980.09,7072.03,-6.02,-7.79,5.34,-7.3,-6.06,5.31,5.48,-19.24,-32.78,-10.79,-7.23,20.22,-57.64,-71.69,1.43,-100,82.57,-16.02,-18.55
"University Circle, Incorporated",66,76,76,66,93,0,1,0,0,1,21,18,19,23,16,31,39,35,25,37,14,18,22,18,39,80,90,100,74,59,34,31,27,31,22,445,371,354,357,268,45,40,23,24,32,361,300,305,301,212,38,31,26,31,23,1,0,0,1,1,44,41,41,46,44,29,23,16,27,26,13,16,23,17,18,2,2,2,2,0,16,35,29,36,19,511,447,430,423,361,355,374,391,343,293,1180.29,1360.22,1364.63,1191,1686.94,0,17.9,0,0,18.14,375.55,322.16,341.16,415.05,290.23,554.38,698.01,628.45,451.14,671.15,250.37,322.16,395.02,324.82,707.43,1430.66,1610.79,1795.56,1335.36,1070.21,608.03,554.83,484.8,559.41,399.06,7958.04,6640.03,6356.3,6442.23,4861.29,804.75,715.91,412.98,433.09,580.45,6455.85,5369.29,5476.47,5431.68,3845.5,679.56,554.83,466.85,559.41,417.2,17.88,0,0,18.05,18.14,786.86,733.8,736.18,830.09,798.12,518.61,411.65,287.29,487.23,471.62,232.48,286.36,412.98,306.77,326.5,35.77,35.8,35.91,36.09,0,286.13,626.42,520.71,649.64,344.64,9138.33,8000.25,7720.93,7633.23,6548.23,6348.55,6693.72,7020.66,6189.59,5314.77,42.93,,-22.72,21.06,182.55,-25.19,-34.37,-38.91,-27.87,-40.43,-38.61,1.45,1.43,-9.06,40.44,-100,20.45,-28.34,-16.28
Westown Community Dev. Corp.,286,292,283,289,315,2,4,6,5,5,25,22,24,30,36,161,168,176,157,166,98,98,77,97,108,432,455,479,514,491,311,357,375,378,398,1308,1243,1268,951,1061,599,484,437,286,307,512,574,559,468,520,190,179,251,194,219,7,6,21,3,15,155,141,132,79,55,79,78,79,30,22,73,59,47,46,33,3,4,6,3,0,2,5,4,2,3,1594,1535,1551,1240,1376,1703,1767,1892,1730,1637,1185.56,1211.41,1177.87,1208.86,1324.46,8.29,16.59,24.97,20.91,21.02,103.63,91.27,99.89,125.49,151.37,667.4,696.97,732.53,656.72,697.97,406.24,406.57,320.48,405.74,454.1,1790.77,1887.64,1993.64,2150.02,2064.47,1289.19,1481.07,1560.79,1581.14,1673.44,5422.07,5156.77,5277.54,3977.95,4461.11,2483.04,2007.95,1818.84,1196.31,1290.82,2122.4,2381.33,2326.61,1957.6,2186.41,787.61,742.61,1044.69,811.49,920.81,29.02,24.89,87.4,12.55,63.07,642.52,584.96,549.4,330.45,231.25,327.48,323.59,328.81,125.49,92.5,302.61,244.77,195.62,192.41,138.75,12.44,16.59,24.97,12.55,0,8.29,20.74,16.65,8.37,12.61,6607.63,6368.18,6455.41,5186.82,5785.57,7059.47,7330.67,7874.68,7236.44,6882.98,11.72,153.56,46.07,4.58,11.78,15.28,29.81,-17.72,-48.01,3.02,16.91,117.33,-64.01,-71.75,-54.15,-100,52.11,-12.44,-2.5
