neighbor10,count2012,count2013,count2014,count2015,count2016,band12012,band12013,band12014,band12015,band12016,band22012,band22013,band22014,band22015,band22016,band32012,band32013,band32014,band32015,band32016,_band12012,_band12013,_band12014,_band12015,_band12016,_band22012,_band22013,_band22014,_band22015,_band22016,_band32012,_band32013,_band32014,_band32015,_band32016,meanscore2012,meanscore2013,meanscore2014,meanscore2015,meanscore2016,w_count2012,w_count2013,w_count2014,w_count2015,w_count2016,w_band12012,w_band12013,w_band12014,w_band12015,w_band12016,w_band22012,w_band22013,w_band22014,w_band22015,w_band22016,w_band32012,w_band32013,w_band32014,w_band32015,w_band32016,_w_band12012,_w_band12013,_w_band12014,_w_band12015,_w_band12016,_w_band22012,_w_band22013,_w_band22014,_w_band22015,_w_band22016,_w_band32012,_w_band32013,_w_band32014,_w_band32015,_w_band32016,w_meanscore2012,w_meanscore2013,w_meanscore2014,w_meanscore2015,w_meanscore2016,b_count2012,b_count2013,b_count2014,b_count2015,b_count2016,b_band12012,b_band12013,b_band12014,b_band12015,b_band12016,b_band22012,b_band22013,b_band22014,b_band22015,b_band22016,b_band32012,b_band32013,b_band32014,b_band32015,b_band32016,_b_band12012,_b_band12013,_b_band12014,_b_band12015,_b_band12016,_b_band22012,_b_band22013,_b_band22014,_b_band22015,_b_band22016,_b_band32012,_b_band32013,_b_band32014,_b_band32015,_b_band32016,b_meanscore2012,b_meanscore2013,b_meanscore2014,b_meanscore2015,b_meanscore2016,a_count2012,a_count2013,a_count2014,a_count2015,a_count2016,a_band12012,a_band12013,a_band12014,a_band12015,a_band12016,a_band22012,a_band22013,a_band22014,a_band22015,a_band22016,a_band32012,a_band32013,a_band32014,a_band32015,a_band32016,_a_band12012,_a_band12013,_a_band12014,_a_band12015,_a_band12016,_a_band22012,_a_band22013,_a_band22014,_a_band22015,_a_band22016,_a_band32012,_a_band32013,_a_band32014,_a_band32015,_a_band32016,a_meanscore2012,a_meanscore2013,a_meanscore2014,a_meanscore2015,a_meanscore2016,o_count2012,o_count2013,o_count2014,o_count2015,o_count2016,o_band12012,o_band12013,o_band12014,o_band12015,o_band12016,o_band22012,o_band22013,o_band22014,o_band22015,o_band22016,o_band32012,o_band32013,o_band32014,o_band32015,o_band32016,_o_band12012,_o_band12013,_o_band12014,_o_band12015,_o_band12016,_o_band22012,_o_band22013,_o_band22014,_o_band22015,_o_band22016,_o_band32012,_o_band32013,_o_band32014,_o_band32015,_o_band32016,o_meanscore2012,o_meanscore2013,o_meanscore2014,o_meanscore2015,o_meanscore2016,h_count2012,h_count2013,h_count2014,h_count2015,h_count2016,h_band12012,h_band12013,h_band12014,h_band12015,h_band12016,h_band22012,h_band22013,h_band22014,h_band22015,h_band22016,h_band32012,h_band32013,h_band32014,h_band32015,h_band32016,_h_band12012,_h_band12013,_h_band12014,_h_band12015,_h_band12016,_h_band22012,_h_band22013,_h_band22014,_h_band22015,_h_band22016,_h_band32012,_h_band32013,_h_band32014,_h_band32015,_h_band32016,h_meanscore2012,h_meanscore2013,h_meanscore2014,h_meanscore2015,h_meanscore2016
Bellaire-Puritas,104,105,118,98,73,48,40,47,34,23,43,44,47,42,32,13,21,24,22,18,46.15,38.1,39.83,34.69,31.51,41.35,41.9,39.83,42.86,43.84,12.5,20,20.34,22.45,24.66,14.8,16.54,16.01,259.09,259.81,43,33,35,26,37,19,8,12,8,11,19,16,13,12,16,5,9,10,6,10,44.19,24.24,34.29,30.77,29.73,44.19,48.48,37.14,46.15,43.24,11.63,27.27,28.57,23.08,27.03,15.14,17.88,16.97,259.69,261.24,31,46,56,47,33,15,20,23,20,11,11,18,22,21,16,5,8,11,6,6,48.39,43.48,41.07,42.55,33.33,35.48,39.13,39.29,44.68,48.48,16.13,17.39,19.64,12.77,18.18,14.42,16.28,15.68,256.26,257.82,999999,999999,999999,999999,999999,999999,999999,999999,999999,999999,999999,999999,999999,999999,999999,999999,999999,999999,999999,999999,999999,999999,999999,999999,999999,999999,999999,999999,999999,999999,999999,999999,999999,999999,999999,999999,999999,999999,999999,999999,999999,999999,999999,12,999999,999999,999999,999999,0,999999,999999,999999,999999,5,999999,999999,999999,999999,7,999999,999999,999999,999999,0,999999,999999,999999,999999,41.67,999999,999999,999999,999999,58.33,999999,999999,999999,999999,269.33,999999,17,19,19,12,999999,8,10,7,5,999999,6,7,10,4,999999,3,2,2,3,999999,47.06,52.63,36.84,41.67,999999,35.29,36.84,52.63,33.33,999999,17.65,10.53,10.53,25,999999,13.82,14.53,15.89,259.58,999999
Broadway-Slavic Village,173,154,174,136,131,78,81,77,51,51,66,62,71,67,60,29,11,26,18,20,45.09,52.6,44.25,37.5,38.93,38.15,40.26,40.8,49.26,45.8,16.76,7.14,14.94,13.24,15.27,15.68,13.44,15.09,256.05,254.91,26,17,16,16,24,15,7,3,6,12,7,9,8,9,8,4,1,5,1,4,57.69,41.18,18.75,37.5,50,26.92,52.94,50,56.25,33.33,15.38,5.88,31.25,6.25,16.67,15.69,13.88,18.31,255.19,253.5,128,129,141,106,107,51,70,64,38,39,55,49,61,54,52,22,10,16,14,16,39.84,54.26,45.39,35.85,36.45,42.97,37.98,43.26,50.94,48.6,17.19,7.75,11.35,13.21,14.95,16.11,13.51,14.87,256.33,255.22,999999,999999,999999,999999,999999,999999,999999,999999,999999,999999,999999,999999,999999,999999,999999,999999,999999,999999,999999,999999,999999,999999,999999,999999,999999,999999,999999,999999,999999,999999,999999,999999,999999,999999,999999,999999,999999,999999,999999,999999,999999,999999,10,999999,999999,999999,999999,6,999999,999999,999999,999999,0,999999,999999,999999,999999,4,999999,999999,999999,999999,60,999999,999999,999999,999999,0,999999,999999,999999,999999,40,999999,999999,999999,999999,14.4,999999,999999,13,999999,999999,999999,999999,9,999999,999999,999999,999999,3,999999,999999,999999,999999,1,999999,999999,999999,999999,69.23,999999,999999,999999,999999,23.08,999999,999999,999999,999999,7.69,999999,999999,999999,999999,11.62,999999,999999,999999,999999
Brooklyn Centre,102,89,92,86,83,63,52,54,47,39,28,31,32,29,35,11,6,6,10,9,61.76,58.43,58.7,54.65,46.99,27.45,34.83,34.78,33.72,42.17,10.78,6.74,6.52,11.63,10.84,12.66,12.01,12.63,250.88,251.83,37,24,33,30,55,23,13,17,12,27,10,9,13,12,22,4,2,3,6,6,62.16,54.17,51.52,40,49.09,27.03,37.5,39.39,40,40,10.81,8.33,9.09,20,10.91,12.65,12.96,13.88,255.5,251.36,30,25,24,19,28,20,12,12,10,12,9,10,10,6,13,1,3,2,3,3,66.67,48,50,52.63,42.86,30,40,41.67,31.58,46.43,3.33,12,8.33,15.79,10.71,11.23,13,13.17,252.68,252.75,999999,999999,999999,999999,999999,999999,999999,999999,999999,999999,999999,999999,999999,999999,999999,999999,999999,999999,999999,999999,999999,999999,999999,999999,999999,999999,999999,999999,999999,999999,999999,999999,999999,999999,999999,999999,999999,999999,999999,999999,999999,999999,999999,999999,999999,999999,999999,999999,999999,999999,999999,999999,999999,999999,999999,999999,999999,999999,999999,999999,999999,999999,999999,999999,999999,999999,999999,999999,999999,999999,999999,999999,999999,999999,999999,999999,999999,999999,999999,999999,32,35,33,34,999999,19,23,25,23,999999,8,11,8,10,999999,5,1,0,1,999999,59.38,65.71,75.76,67.65,999999,25,31.43,24.24,29.41,999999,15.63,2.86,0,2.94,999999,13.63,11.03,10.52,246.32,999999
Buckeye-Shaker Square,51,46,62,31,42,24,18,26,12,13,18,16,27,12,23,9,12,9,7,6,47.06,39.13,41.94,38.71,30.95,35.29,34.78,43.55,38.71,54.76,17.65,26.09,14.52,22.58,14.29,14.82,17.28,15.53,258.74,257.71,999999,999999,999999,999999,999999,999999,999999,999999,999999,999999,999999,999999,999999,999999,999999,999999,999999,999999,999999,999999,999999,999999,999999,999999,999999,999999,999999,999999,999999,999999,999999,999999,999999,999999,999999,999999,999999,999999,999999,999999,50,43,62,31,42,23,17,26,12,13,18,14,27,12,23,9,12,9,7,6,46,39.53,41.94,38.71,30.95,36,32.56,43.55,38.71,54.76,18,27.91,14.52,22.58,14.29,14.92,17.65,15.53,258.74,257.71,999999,999999,999999,999999,999999,999999,999999,999999,999999,999999,999999,999999,999999,999999,999999,999999,999999,999999,999999,999999,999999,999999,999999,999999,999999,999999,999999,999999,999999,999999,999999,999999,999999,999999,999999,999999,999999,999999,999999,999999,999999,999999,999999,999999,999999,999999,999999,999999,999999,999999,999999,999999,999999,999999,999999,999999,999999,999999,999999,999999,999999,999999,999999,999999,999999,999999,999999,999999,999999,999999,999999,999999,999999,999999,999999,999999,999999,999999,999999,999999,999999,999999,999999,999999,999999,999999,999999,999999,999999,999999,999999,999999,999999,999999,999999,999999,999999,999999,999999,999999,999999,999999,999999,999999,999999,999999,999999,999999,999999,999999,999999,999999,999999,999999,999999,999999,999999,999999,999999,999999
Buckeye-Woodhill,68,54,59,49,45,24,20,30,14,17,30,24,22,24,20,14,10,7,11,8,35.29,37.04,50.85,28.57,37.78,44.12,44.44,37.29,48.98,44.44,20.59,18.52,11.86,22.45,17.78,16.63,16.72,13.61,259.27,255.89,999999,999999,999999,999999,999999,999999,999999,999999,999999,999999,999999,999999,999999,999999,999999,999999,999999,999999,999999,999999,999999,999999,999999,999999,999999,999999,999999,999999,999999,999999,999999,999999,999999,999999,999999,999999,999999,999999,999999,999999,66,50,57,48,45,23,17,29,14,17,30,23,21,24,20,13,10,7,10,8,34.85,34,50.88,29.17,37.78,45.45,46,36.84,50,44.44,19.7,20,12.28,20.83,17.78,16.7,17.32,13.81,258.85,255.89,999999,999999,999999,999999,999999,999999,999999,999999,999999,999999,999999,999999,999999,999999,999999,999999,999999,999999,999999,999999,999999,999999,999999,999999,999999,999999,999999,999999,999999,999999,999999,999999,999999,999999,999999,999999,999999,999999,999999,999999,999999,999999,999999,999999,999999,999999,999999,999999,999999,999999,999999,999999,999999,999999,999999,999999,999999,999999,999999,999999,999999,999999,999999,999999,999999,999999,999999,999999,999999,999999,999999,999999,999999,999999,999999,999999,999999,999999,999999,999999,999999,999999,999999,999999,999999,999999,999999,999999,999999,999999,999999,999999,999999,999999,999999,999999,999999,999999,999999,999999,999999,999999,999999,999999,999999,999999,999999,999999,999999,999999,999999,999999,999999,999999,999999,999999,999999,999999,999999,999999
Central,228,185,171,154,150,100,80,80,75,67,102,78,71,60,62,26,27,20,19,21,43.86,43.24,46.78,48.7,44.67,44.74,42.16,41.52,38.96,41.33,11.4,14.59,11.7,12.34,14,15.3,15.05,14.74,254.12,252.96,999999,999999,999999,999999,999999,999999,999999,999999,999999,999999,999999,999999,999999,999999,999999,999999,999999,999999,999999,999999,999999,999999,999999,999999,999999,999999,999999,999999,999999,999999,999999,999999,999999,999999,999999,999999,999999,999999,999999,999999,217,181,164,146,146,93,78,76,73,64,98,76,68,56,62,26,27,20,17,20,42.86,43.09,46.34,50,43.84,45.16,41.99,41.46,38.36,42.47,11.98,14.92,12.2,11.64,13.7,15.43,15.17,14.77,253.78,253,999999,999999,999999,999999,999999,999999,999999,999999,999999,999999,999999,999999,999999,999999,999999,999999,999999,999999,999999,999999,999999,999999,999999,999999,999999,999999,999999,999999,999999,999999,999999,999999,999999,999999,999999,999999,999999,999999,999999,999999,999999,999999,999999,999999,999999,999999,999999,999999,999999,999999,999999,999999,999999,999999,999999,999999,999999,999999,999999,999999,999999,999999,999999,999999,999999,999999,999999,999999,999999,999999,999999,999999,999999,999999,999999,999999,999999,999999,999999,999999,999999,999999,999999,999999,999999,999999,999999,999999,999999,999999,999999,999999,999999,999999,999999,999999,999999,999999,999999,999999,999999,999999,999999,999999,999999,999999,999999,999999,999999,999999,999999,999999,999999,999999,999999,999999,999999,999999,999999,999999
Clark-Fulton,90,113,86,67,69,53,68,53,32,42,27,36,27,28,22,10,9,6,7,5,58.89,60.18,61.63,47.76,60.87,30,31.86,31.4,41.79,31.88,11.11,7.96,6.98,10.45,7.25,12.42,12.86,11.73,254.85,250.77,17,21,19,18,49,8,10,8,5,30,5,8,8,10,15,4,3,3,3,4,47.06,47.62,42.11,27.78,61.22,29.41,38.1,42.11,55.56,30.61,23.53,14.29,15.79,16.67,8.16,15.41,14.29,15.32,259.5,249.96,25,25,18,18,20,13,14,7,11,12,10,10,10,6,7,2,1,1,1,1,52,56,38.89,61.11,60,40,40,55.56,33.33,35,8,4,5.56,5.56,5,13.76,13.72,14.11,251.61,252.75,999999,999999,999999,999999,999999,999999,999999,999999,999999,999999,999999,999999,999999,999999,999999,999999,999999,999999,999999,999999,999999,999999,999999,999999,999999,999999,999999,999999,999999,999999,999999,999999,999999,999999,999999,999999,999999,999999,999999,999999,999999,999999,999999,999999,999999,999999,999999,999999,999999,999999,999999,999999,999999,999999,999999,999999,999999,999999,999999,999999,999999,999999,999999,999999,999999,999999,999999,999999,999999,999999,999999,999999,999999,999999,999999,999999,999999,999999,999999,999999,46,64,46,29,999999,31,42,36,15,999999,11,17,9,11,999999,4,5,1,3,999999,67.39,65.63,78.26,51.72,999999,23.91,26.56,19.57,37.93,999999,8.7,7.81,2.17,10.34,999999,10.39,12.11,9.35,253.97,999999
Collinwood-Nottingham,85,74,75,68,57,38,34,32,19,23,35,25,35,36,19,12,15,8,13,15,44.71,45.95,42.67,27.94,40.35,41.18,33.78,46.67,52.94,33.33,14.12,20.27,10.67,19.12,26.32,15.73,15.39,15.23,257.82,254.26,999999,999999,999999,999999,999999,999999,999999,999999,999999,999999,999999,999999,999999,999999,999999,999999,999999,999999,999999,999999,999999,999999,999999,999999,999999,999999,999999,999999,999999,999999,999999,999999,999999,999999,999999,999999,999999,999999,999999,999999,82,70,72,67,56,38,32,31,19,22,33,24,33,35,19,11,14,8,13,15,46.34,45.71,43.06,28.36,39.29,40.24,34.29,45.83,52.24,33.93,13.41,20,11.11,19.4,26.79,15.5,15.53,15.35,257.69,254.59,999999,999999,999999,999999,999999,999999,999999,999999,999999,999999,999999,999999,999999,999999,999999,999999,999999,999999,999999,999999,999999,999999,999999,999999,999999,999999,999999,999999,999999,999999,999999,999999,999999,999999,999999,999999,999999,999999,999999,999999,999999,999999,999999,999999,999999,999999,999999,999999,999999,999999,999999,999999,999999,999999,999999,999999,999999,999999,999999,999999,999999,999999,999999,999999,999999,999999,999999,999999,999999,999999,999999,999999,999999,999999,999999,999999,999999,999999,999999,999999,999999,999999,999999,999999,999999,999999,999999,999999,999999,999999,999999,999999,999999,999999,999999,999999,999999,999999,999999,999999,999999,999999,999999,999999,999999,999999,999999,999999,999999,999999,999999,999999,999999,999999,999999,999999,999999,999999,999999,999999
Cudell,95,85,91,89,65,45,39,39,33,28,35,28,37,48,28,15,18,15,8,9,47.37,45.88,42.86,37.08,43.08,36.84,32.94,40.66,53.93,43.08,15.79,21.18,16.48,8.99,13.85,14.87,15.47,15.41,254.9,255.55,22,20,22,25,25,13,9,7,6,11,7,7,11,17,10,2,4,4,2,4,59.09,45,31.82,24,44,31.82,35,50,68,40,9.09,20,18.18,8,16,13.18,15.35,16.59,257.68,253.56,43,48,43,48,34,16,24,18,17,15,18,17,17,26,15,9,7,8,5,4,37.21,50,41.86,35.42,44.12,41.86,35.42,39.53,54.17,44.12,20.93,14.58,18.6,10.42,11.76,16.35,15.04,16.21,255.73,256.35,999999,999999,999999,999999,999999,999999,999999,999999,999999,999999,999999,999999,999999,999999,999999,999999,999999,999999,999999,999999,999999,999999,999999,999999,999999,999999,999999,999999,999999,999999,999999,999999,999999,999999,999999,999999,999999,999999,999999,999999,999999,999999,999999,999999,999999,999999,999999,999999,999999,999999,999999,999999,999999,999999,999999,999999,999999,999999,999999,999999,999999,999999,999999,999999,999999,999999,999999,999999,999999,999999,999999,999999,999999,999999,999999,999999,999999,999999,999999,999999,23,14,17,14,999999,12,5,7,9,999999,9,3,7,4,999999,2,6,3,1,999999,52.17,35.71,41.18,64.29,999999,39.13,21.43,41.18,28.57,999999,8.7,42.86,17.65,7.14,999999,13.7,16.86,14.88,250.93,999999
Cuyahoga Valley,999999,999999,999999,999999,999999,999999,999999,999999,999999,999999,999999,999999,999999,999999,999999,999999,999999,999999,999999,999999,999999,999999,999999,999999,999999,999999,999999,999999,999999,999999,999999,999999,999999,999999,999999,999999,999999,999999,999999,999999,999999,999999,999999,999999,999999,999999,999999,999999,999999,999999,999999,999999,999999,999999,999999,999999,999999,999999,999999,999999,999999,999999,999999,999999,999999,999999,999999,999999,999999,999999,999999,999999,999999,999999,999999,999999,999999,999999,999999,999999,999999,999999,999999,999999,999999,999999,999999,999999,999999,999999,999999,999999,999999,999999,999999,999999,999999,999999,999999,999999,999999,999999,999999,999999,999999,999999,999999,999999,999999,999999,999999,999999,999999,999999,999999,999999,999999,999999,999999,999999,999999,999999,999999,999999,999999,999999,999999,999999,999999,999999,999999,999999,999999,999999,999999,999999,999999,999999,999999,999999,999999,999999,999999,999999,999999,999999,999999,999999,999999,999999,999999,999999,999999,999999,999999,999999,999999,999999,999999,999999,999999,999999,999999,999999,999999,999999,999999,999999,999999,999999,999999,999999,999999,999999,999999,999999,999999,999999,999999,999999,999999,999999,999999,999999,999999,999999,999999,999999,999999,999999,999999,999999,999999,999999,999999,999999,999999,999999,999999,999999,999999,999999,999999,999999,999999,999999,999999,999999,999999,999999,999999,999999,999999,999999,999999,999999,999999,999999,999999,999999,999999,999999,999999,999999,999999,999999,999999,999999,999999,999999,999999,999999,999999,999999,999999,999999,999999,999999,999999,999999
Detroit Shoreway,93,113,111,92,87,47,69,68,32,34,41,30,31,46,36,5,14,12,14,17,50.54,61.06,61.26,34.78,39.08,44.09,26.55,27.93,50,41.38,5.38,12.39,10.81,15.22,19.54,14.03,12.74,12.85,256.29,255.76,33,31,20,20,44,19,18,13,7,18,12,7,5,10,18,2,6,2,3,8,57.58,58.06,65,35,40.91,36.36,22.58,25,50,40.91,6.06,19.35,10,15,18.18,13.03,13.9,12.15,257,255.93,34,48,54,40,41,18,24,30,14,15,14,18,17,19,18,2,6,7,7,8,52.94,50,55.56,35,36.59,41.18,37.5,31.48,47.5,43.9,5.88,12.5,12.96,17.5,19.51,14.26,14.15,13.61,256.53,256.07,999999,999999,999999,999999,999999,999999,999999,999999,999999,999999,999999,999999,999999,999999,999999,999999,999999,999999,999999,999999,999999,999999,999999,999999,999999,999999,999999,999999,999999,999999,999999,999999,999999,999999,999999,999999,999999,999999,999999,999999,999999,999999,999999,999999,999999,999999,999999,999999,999999,999999,999999,999999,999999,999999,999999,999999,999999,999999,999999,999999,999999,999999,999999,999999,999999,999999,999999,999999,999999,999999,999999,999999,999999,999999,999999,999999,999999,999999,999999,999999,26,31,31,22,999999,10,25,22,9,999999,15,4,7,10,999999,1,2,2,3,999999,38.46,80.65,70.97,40.91,999999,57.69,12.9,22.58,45.45,999999,3.85,6.45,6.45,13.64,999999,15,9.45,11.32,253.91,999999
Downtown,999999,15,16,15,15,999999,5,12,10,8,999999,8,3,4,4,999999,2,1,1,3,999999,33.33,75,66.67,53.33,999999,53.33,18.75,26.67,26.67,999999,13.33,6.25,6.67,20,999999,15.27,10.44,243.27,253.93,999999,999999,999999,999999,999999,999999,999999,999999,999999,999999,999999,999999,999999,999999,999999,999999,999999,999999,999999,999999,999999,999999,999999,999999,999999,999999,999999,999999,999999,999999,999999,999999,999999,999999,999999,999999,999999,999999,999999,999999,999999,10,999999,999999,999999,999999,4,999999,999999,999999,999999,4,999999,999999,999999,999999,2,999999,999999,999999,999999,40,999999,999999,999999,999999,40,999999,999999,999999,999999,20,999999,999999,999999,999999,14.9,999999,999999,999999,999999,999999,999999,999999,999999,999999,999999,999999,999999,999999,999999,999999,999999,999999,999999,999999,999999,999999,999999,999999,999999,999999,999999,999999,999999,999999,999999,999999,999999,999999,999999,999999,999999,999999,999999,999999,999999,999999,999999,999999,999999,999999,999999,999999,999999,999999,999999,999999,999999,999999,999999,999999,999999,999999,999999,999999,999999,999999,999999,999999,999999,999999,999999,999999,999999,999999,999999,999999,999999,999999,999999,999999,999999,999999,999999,999999,999999,999999,999999,999999,999999,999999,999999,999999,999999,999999,999999,999999,999999,999999,999999,999999,999999,999999,999999,999999,999999,999999,999999,999999,999999,999999,999999,999999,999999,999999,999999,999999,999999,999999,999999,999999,999999,999999,999999,999999,999999,999999,999999,999999
Edgewater,24,14,25,23,23,4,4,9,5,4,12,7,9,7,10,8,3,7,11,9,16.67,28.57,36,21.74,17.39,50,50,36,30.43,43.48,33.33,21.43,28,47.83,39.13,19.92,16.29,15.56,264.3,264.22,999999,999999,11,10,12,999999,999999,2,3,1,999999,999999,5,2,4,999999,999999,4,5,7,999999,999999,18.18,30,8.33,999999,999999,45.45,20,33.33,999999,999999,36.36,50,58.33,999999,999999,19,263.1,266.75,13,999999,999999,999999,999999,2,999999,999999,999999,999999,7,999999,999999,999999,999999,4,999999,999999,999999,999999,15.38,999999,999999,999999,999999,53.85,999999,999999,999999,999999,30.77,999999,999999,999999,999999,20,999999,999999,999999,999999,999999,999999,999999,999999,999999,999999,999999,999999,999999,999999,999999,999999,999999,999999,999999,999999,999999,999999,999999,999999,999999,999999,999999,999999,999999,999999,999999,999999,999999,999999,999999,999999,999999,999999,999999,999999,999999,999999,999999,999999,999999,999999,999999,999999,999999,999999,999999,999999,999999,999999,999999,999999,999999,999999,999999,999999,999999,999999,999999,999999,999999,999999,999999,999999,999999,999999,999999,999999,999999,999999,999999,999999,999999,999999,999999,999999,999999,999999,999999,999999,999999,999999,999999,999999,999999,999999,999999,999999,999999,999999,999999,999999,999999,999999,999999,999999,999999,999999,999999,999999,999999,999999,999999,999999,999999,999999,999999,999999,999999,999999,999999,999999,999999,999999,999999,999999,999999,999999,999999,999999
Euclid-Green,42,26,40,37,39,14,12,13,12,13,24,10,15,12,17,4,4,12,13,9,33.33,46.15,32.5,32.43,33.33,57.14,38.46,37.5,32.43,43.59,9.52,15.38,30,35.14,23.08,15.95,15.12,17.2,259.05,254.87,999999,999999,999999,999999,999999,999999,999999,999999,999999,999999,999999,999999,999999,999999,999999,999999,999999,999999,999999,999999,999999,999999,999999,999999,999999,999999,999999,999999,999999,999999,999999,999999,999999,999999,999999,999999,999999,999999,999999,999999,39,23,37,32,39,13,10,12,12,13,22,10,14,9,17,4,3,11,11,9,33.33,43.48,32.43,37.5,33.33,56.41,43.48,37.84,28.13,43.59,10.26,13.04,29.73,34.38,23.08,16.05,14.87,17.05,257.81,254.87,999999,999999,999999,999999,999999,999999,999999,999999,999999,999999,999999,999999,999999,999999,999999,999999,999999,999999,999999,999999,999999,999999,999999,999999,999999,999999,999999,999999,999999,999999,999999,999999,999999,999999,999999,999999,999999,999999,999999,999999,999999,999999,999999,999999,999999,999999,999999,999999,999999,999999,999999,999999,999999,999999,999999,999999,999999,999999,999999,999999,999999,999999,999999,999999,999999,999999,999999,999999,999999,999999,999999,999999,999999,999999,999999,999999,999999,999999,999999,999999,999999,999999,999999,999999,999999,999999,999999,999999,999999,999999,999999,999999,999999,999999,999999,999999,999999,999999,999999,999999,999999,999999,999999,999999,999999,999999,999999,999999,999999,999999,999999,999999,999999,999999,999999,999999,999999,999999,999999,999999
Fairfax,49,30,40,45,20,13,12,21,16,5,23,11,15,21,7,13,7,4,8,8,26.53,40,52.5,35.56,25,46.94,36.67,37.5,46.67,35,26.53,23.33,10,17.78,40,18.86,16.8,14.33,259.38,263,999999,999999,999999,999999,999999,999999,999999,999999,999999,999999,999999,999999,999999,999999,999999,999999,999999,999999,999999,999999,999999,999999,999999,999999,999999,999999,999999,999999,999999,999999,999999,999999,999999,999999,999999,999999,999999,999999,999999,999999,48,29,40,43,20,12,12,21,15,5,23,10,15,21,7,13,7,4,7,8,25,41.38,52.5,34.88,25,47.92,34.48,37.5,48.84,35,27.08,24.14,10,16.28,40,18.98,16.62,14.33,259,263,999999,999999,999999,999999,999999,999999,999999,999999,999999,999999,999999,999999,999999,999999,999999,999999,999999,999999,999999,999999,999999,999999,999999,999999,999999,999999,999999,999999,999999,999999,999999,999999,999999,999999,999999,999999,999999,999999,999999,999999,999999,999999,999999,999999,999999,999999,999999,999999,999999,999999,999999,999999,999999,999999,999999,999999,999999,999999,999999,999999,999999,999999,999999,999999,999999,999999,999999,999999,999999,999999,999999,999999,999999,999999,999999,999999,999999,999999,999999,999999,999999,999999,999999,999999,999999,999999,999999,999999,999999,999999,999999,999999,999999,999999,999999,999999,999999,999999,999999,999999,999999,999999,999999,999999,999999,999999,999999,999999,999999,999999,999999,999999,999999,999999,999999,999999,999999,999999,999999,999999
Glenville,253,185,186,174,147,90,77,83,61,51,118,73,78,79,67,45,35,25,34,29,35.57,41.62,44.62,35.06,34.69,46.64,39.46,41.94,45.4,45.58,17.79,18.92,13.44,19.54,19.73,16.19,15.97,15.48,259.05,257.7,999999,999999,999999,999999,999999,999999,999999,999999,999999,999999,999999,999999,999999,999999,999999,999999,999999,999999,999999,999999,999999,999999,999999,999999,999999,999999,999999,999999,999999,999999,999999,999999,999999,999999,999999,999999,999999,999999,999999,999999,249,178,182,168,145,90,73,80,60,51,114,72,77,77,67,45,33,25,31,27,36.14,41.01,43.96,35.71,35.17,45.78,40.45,42.31,45.83,46.21,18.07,18.54,13.74,18.45,18.62,16.15,15.99,15.58,258.82,257.5,999999,999999,999999,999999,999999,999999,999999,999999,999999,999999,999999,999999,999999,999999,999999,999999,999999,999999,999999,999999,999999,999999,999999,999999,999999,999999,999999,999999,999999,999999,999999,999999,999999,999999,999999,999999,999999,999999,999999,999999,999999,999999,999999,999999,999999,999999,999999,999999,999999,999999,999999,999999,999999,999999,999999,999999,999999,999999,999999,999999,999999,999999,999999,999999,999999,999999,999999,999999,999999,999999,999999,999999,999999,999999,999999,999999,999999,999999,999999,999999,999999,999999,999999,999999,999999,999999,999999,999999,999999,999999,999999,999999,999999,999999,999999,999999,999999,999999,999999,999999,999999,999999,999999,999999,999999,999999,999999,999999,999999,999999,999999,999999,999999,999999,999999,999999,999999,999999,999999,999999
Goodrich-Kirtland Pk,21,19,10,999999,20,5,7,6,999999,8,12,10,2,999999,10,4,2,2,999999,2,23.81,36.84,60,999999,40,57.14,52.63,20,999999,50,19.05,10.53,20,999999,10,18.71,16.37,13.6,999999,257.15,999999,999999,999999,999999,999999,999999,999999,999999,999999,999999,999999,999999,999999,999999,999999,999999,999999,999999,999999,999999,999999,999999,999999,999999,999999,999999,999999,999999,999999,999999,999999,999999,999999,999999,999999,999999,999999,999999,999999,999999,999999,999999,999999,999999,999999,999999,999999,999999,999999,999999,999999,999999,999999,999999,999999,999999,999999,999999,999999,999999,999999,999999,999999,999999,999999,999999,999999,999999,999999,999999,999999,999999,999999,999999,999999,999999,999999,999999,999999,999999,999999,999999,999999,999999,999999,999999,999999,999999,999999,999999,999999,999999,999999,999999,999999,999999,999999,999999,999999,999999,999999,999999,999999,999999,999999,999999,999999,999999,999999,999999,999999,999999,999999,999999,999999,999999,999999,999999,999999,999999,999999,999999,999999,999999,999999,999999,999999,999999,999999,999999,999999,999999,999999,999999,999999,999999,999999,999999,999999,999999,999999,999999,999999,999999,999999,999999,999999,999999,999999,999999,999999,999999,999999,999999,999999,999999,999999,999999,999999,999999,999999,999999,999999,999999,999999,999999,999999,999999,999999,999999,999999,999999,999999,999999,999999,999999,999999,999999,999999,999999,999999,999999,999999,999999,999999,999999,999999,999999,999999,999999,999999,999999,999999,999999,999999,999999,999999,999999,999999,999999
Hopkins,999999,999999,999999,999999,999999,999999,999999,999999,999999,999999,999999,999999,999999,999999,999999,999999,999999,999999,999999,999999,999999,999999,999999,999999,999999,999999,999999,999999,999999,999999,999999,999999,999999,999999,999999,999999,999999,999999,999999,999999,999999,999999,999999,999999,999999,999999,999999,999999,999999,999999,999999,999999,999999,999999,999999,999999,999999,999999,999999,999999,999999,999999,999999,999999,999999,999999,999999,999999,999999,999999,999999,999999,999999,999999,999999,999999,999999,999999,999999,999999,999999,999999,999999,999999,999999,999999,999999,999999,999999,999999,999999,999999,999999,999999,999999,999999,999999,999999,999999,999999,999999,999999,999999,999999,999999,999999,999999,999999,999999,999999,999999,999999,999999,999999,999999,999999,999999,999999,999999,999999,999999,999999,999999,999999,999999,999999,999999,999999,999999,999999,999999,999999,999999,999999,999999,999999,999999,999999,999999,999999,999999,999999,999999,999999,999999,999999,999999,999999,999999,999999,999999,999999,999999,999999,999999,999999,999999,999999,999999,999999,999999,999999,999999,999999,999999,999999,999999,999999,999999,999999,999999,999999,999999,999999,999999,999999,999999,999999,999999,999999,999999,999999,999999,999999,999999,999999,999999,999999,999999,999999,999999,999999,999999,999999,999999,999999,999999,999999,999999,999999,999999,999999,999999,999999,999999,999999,999999,999999,999999,999999,999999,999999,999999,999999,999999,999999,999999,999999,999999,999999,999999,999999,999999,999999,999999,999999,999999,999999,999999,999999,999999,999999,999999,999999,999999,999999,999999,999999,999999,999999
Hough,118,69,99,92,79,37,23,40,38,35,56,35,40,37,34,25,11,19,17,10,31.36,33.33,40.4,41.3,44.3,47.46,50.72,40.4,40.22,43.04,21.19,15.94,19.19,18.48,12.66,17.16,16.25,16.2,254.78,253.68,999999,999999,999999,999999,999999,999999,999999,999999,999999,999999,999999,999999,999999,999999,999999,999999,999999,999999,999999,999999,999999,999999,999999,999999,999999,999999,999999,999999,999999,999999,999999,999999,999999,999999,999999,999999,999999,999999,999999,999999,116,67,93,90,77,37,21,37,38,34,55,35,38,35,33,24,11,18,17,10,31.9,31.34,39.78,42.22,44.16,47.41,52.24,40.86,38.89,42.86,20.69,16.42,19.35,18.89,12.99,17.04,16.46,16.25,254.68,253.9,999999,999999,999999,999999,999999,999999,999999,999999,999999,999999,999999,999999,999999,999999,999999,999999,999999,999999,999999,999999,999999,999999,999999,999999,999999,999999,999999,999999,999999,999999,999999,999999,999999,999999,999999,999999,999999,999999,999999,999999,999999,999999,999999,999999,999999,999999,999999,999999,999999,999999,999999,999999,999999,999999,999999,999999,999999,999999,999999,999999,999999,999999,999999,999999,999999,999999,999999,999999,999999,999999,999999,999999,999999,999999,999999,999999,999999,999999,999999,999999,999999,999999,999999,999999,999999,999999,999999,999999,999999,999999,999999,999999,999999,999999,999999,999999,999999,999999,999999,999999,999999,999999,999999,999999,999999,999999,999999,999999,999999,999999,999999,999999,999999,999999,999999,999999,999999,999999,999999,999999
Jefferson,143,116,150,121,120,53,47,60,32,50,55,39,51,54,49,35,30,39,35,21,37.06,40.52,40,26.45,41.67,38.46,33.62,34,44.63,40.83,24.48,25.86,26,28.93,17.5,16.9,16.9,16.31,261.29,256.16,55,41,60,51,83,23,12,23,15,33,18,16,20,22,34,14,13,17,14,16,41.82,29.27,38.33,29.41,39.76,32.73,39.02,33.33,43.14,40.96,25.45,31.71,28.33,27.45,19.28,16.64,18.8,16.47,260.08,257.02,37,37,39,33,35,11,20,12,5,17,15,9,13,16,14,11,8,14,12,4,29.73,54.05,30.77,15.15,48.57,40.54,24.32,33.33,48.48,40,29.73,21.62,35.9,36.36,11.43,18.65,15.43,18.51,266.73,253.66,999999,999999,999999,999999,999999,999999,999999,999999,999999,999999,999999,999999,999999,999999,999999,999999,999999,999999,999999,999999,999999,999999,999999,999999,999999,999999,999999,999999,999999,999999,999999,999999,999999,999999,999999,999999,999999,999999,999999,999999,12,10,999999,999999,999999,3,4,999999,999999,999999,6,3,999999,999999,999999,3,3,999999,999999,999999,25,40,999999,999999,999999,50,30,999999,999999,999999,25,30,999999,999999,999999,17.92,17.5,999999,999999,999999,35,24,44,25,999999,14,11,22,8,999999,15,11,16,13,999999,6,2,6,4,999999,40,45.83,50,32,999999,42.86,45.83,36.36,52,999999,17.14,8.33,13.64,16,999999,15.63,13.96,14.09,258.6,999999
Kamm's,110,144,144,137,100,34,49,52,45,33,40,53,52,60,43,36,42,40,32,24,30.91,34.03,36.11,32.85,33,36.36,36.81,36.11,43.8,43,32.73,29.17,27.78,23.36,24,18.7,17.96,17.35,258.81,258.57,45,55,55,48,59,12,12,12,12,19,18,22,19,21,21,15,21,24,15,19,26.67,21.82,21.82,25,32.2,40,40,34.55,43.75,35.59,33.33,38.18,43.64,31.25,32.2,19.09,20.35,19.89,261.19,260.36,44,54,55,54,36,14,23,21,23,10,16,20,21,22,21,14,11,13,9,5,31.82,42.59,38.18,42.59,27.78,36.36,37.04,38.18,40.74,58.33,31.82,20.37,23.64,16.67,13.89,18.7,16.11,16.89,256.96,257.72,999999,999999,10,999999,999999,999999,999999,9,999999,999999,999999,999999,1,999999,999999,999999,999999,0,999999,999999,999999,999999,90,999999,999999,999999,999999,10,999999,999999,999999,999999,0,999999,999999,999999,999999,9.4,999999,999999,999999,999999,999999,999999,999999,999999,999999,999999,999999,999999,999999,999999,999999,999999,999999,999999,999999,999999,999999,999999,999999,999999,999999,999999,999999,999999,999999,999999,999999,999999,999999,999999,999999,999999,999999,999999,999999,999999,999999,999999,15,25,19,23,999999,6,11,7,5,999999,4,8,10,12,999999,5,6,2,6,999999,40,44,36.84,21.74,999999,26.67,32,52.63,52.17,999999,33.33,24,10.53,26.09,999999,17.33,15.88,15.84,261.43,999999
Kinsman,72,52,61,64,59,29,30,25,26,27,30,15,24,30,26,13,7,12,8,6,40.28,57.69,40.98,40.63,45.76,41.67,28.85,39.34,46.88,44.07,18.06,13.46,19.67,12.5,10.17,15.83,12.98,15.46,256.61,254.88,999999,999999,999999,999999,999999,999999,999999,999999,999999,999999,999999,999999,999999,999999,999999,999999,999999,999999,999999,999999,999999,999999,999999,999999,999999,999999,999999,999999,999999,999999,999999,999999,999999,999999,999999,999999,999999,999999,999999,999999,70,50,59,62,57,28,28,24,25,27,29,15,23,29,24,13,7,12,8,6,40,56,40.68,40.32,47.37,41.43,30,38.98,46.77,42.11,18.57,14,20.34,12.9,10.53,15.91,13.5,15.68,256.65,254.61,999999,999999,999999,999999,999999,999999,999999,999999,999999,999999,999999,999999,999999,999999,999999,999999,999999,999999,999999,999999,999999,999999,999999,999999,999999,999999,999999,999999,999999,999999,999999,999999,999999,999999,999999,999999,999999,999999,999999,999999,999999,999999,999999,999999,999999,999999,999999,999999,999999,999999,999999,999999,999999,999999,999999,999999,999999,999999,999999,999999,999999,999999,999999,999999,999999,999999,999999,999999,999999,999999,999999,999999,999999,999999,999999,999999,999999,999999,999999,999999,999999,999999,999999,999999,999999,999999,999999,999999,999999,999999,999999,999999,999999,999999,999999,999999,999999,999999,999999,999999,999999,999999,999999,999999,999999,999999,999999,999999,999999,999999,999999,999999,999999,999999,999999,999999,999999,999999,999999,999999
Lee-Harvard,58,66,49,57,55,12,19,20,12,11,33,30,18,30,28,13,17,11,15,16,20.69,28.79,40.82,21.05,20,56.9,45.45,36.73,52.63,50.91,22.41,25.76,22.45,26.32,29.09,18.22,18.14,16.51,261.75,263.15,999999,999999,999999,999999,999999,999999,999999,999999,999999,999999,999999,999999,999999,999999,999999,999999,999999,999999,999999,999999,999999,999999,999999,999999,999999,999999,999999,999999,999999,999999,999999,999999,999999,999999,999999,999999,999999,999999,999999,999999,56,66,47,54,54,12,19,19,11,11,32,30,18,30,28,12,17,10,13,15,21.43,28.79,40.43,20.37,20.37,57.14,45.45,38.3,55.56,51.85,21.43,25.76,21.28,24.07,27.78,18.09,18.14,16.4,261.11,262.98,999999,999999,999999,999999,999999,999999,999999,999999,999999,999999,999999,999999,999999,999999,999999,999999,999999,999999,999999,999999,999999,999999,999999,999999,999999,999999,999999,999999,999999,999999,999999,999999,999999,999999,999999,999999,999999,999999,999999,999999,999999,999999,999999,999999,999999,999999,999999,999999,999999,999999,999999,999999,999999,999999,999999,999999,999999,999999,999999,999999,999999,999999,999999,999999,999999,999999,999999,999999,999999,999999,999999,999999,999999,999999,999999,999999,999999,999999,999999,999999,999999,999999,999999,999999,999999,999999,999999,999999,999999,999999,999999,999999,999999,999999,999999,999999,999999,999999,999999,999999,999999,999999,999999,999999,999999,999999,999999,999999,999999,999999,999999,999999,999999,999999,999999,999999,999999,999999,999999,999999
Lee-Seville,38,20,19,25,25,13,9,7,8,7,18,8,8,12,11,7,3,4,5,7,34.21,45,36.84,32,28,47.37,40,42.11,48,44,18.42,15,21.05,20,28,17.24,16.15,16.37,257.08,260.68,999999,999999,999999,999999,999999,999999,999999,999999,999999,999999,999999,999999,999999,999999,999999,999999,999999,999999,999999,999999,999999,999999,999999,999999,999999,999999,999999,999999,999999,999999,999999,999999,999999,999999,999999,999999,999999,999999,999999,999999,37,20,19,25,25,12,9,7,8,7,18,8,8,12,11,7,3,4,5,7,32.43,45,36.84,32,28,48.65,40,42.11,48,44,18.92,15,21.05,20,28,17.41,16.15,16.37,257.08,260.68,999999,999999,999999,999999,999999,999999,999999,999999,999999,999999,999999,999999,999999,999999,999999,999999,999999,999999,999999,999999,999999,999999,999999,999999,999999,999999,999999,999999,999999,999999,999999,999999,999999,999999,999999,999999,999999,999999,999999,999999,999999,999999,999999,999999,999999,999999,999999,999999,999999,999999,999999,999999,999999,999999,999999,999999,999999,999999,999999,999999,999999,999999,999999,999999,999999,999999,999999,999999,999999,999999,999999,999999,999999,999999,999999,999999,999999,999999,999999,999999,999999,999999,999999,999999,999999,999999,999999,999999,999999,999999,999999,999999,999999,999999,999999,999999,999999,999999,999999,999999,999999,999999,999999,999999,999999,999999,999999,999999,999999,999999,999999,999999,999999,999999,999999,999999,999999,999999,999999,999999
Mount Pleasant,127,114,134,109,80,31,46,66,52,31,61,44,46,47,39,35,24,22,10,10,24.41,40.35,49.25,47.71,38.75,48.03,38.6,34.33,43.12,48.75,27.56,21.05,16.42,9.17,12.5,18.24,16.34,14.96,254.61,256.78,999999,999999,999999,999999,999999,999999,999999,999999,999999,999999,999999,999999,999999,999999,999999,999999,999999,999999,999999,999999,999999,999999,999999,999999,999999,999999,999999,999999,999999,999999,999999,999999,999999,999999,999999,999999,999999,999999,999999,999999,126,113,133,108,79,31,45,65,51,31,60,44,46,47,38,35,24,22,10,10,24.6,39.82,48.87,47.22,39.24,47.62,38.94,34.59,43.52,48.1,27.78,21.24,16.54,9.26,12.66,18.23,16.39,15.04,254.66,256.78,999999,999999,999999,999999,999999,999999,999999,999999,999999,999999,999999,999999,999999,999999,999999,999999,999999,999999,999999,999999,999999,999999,999999,999999,999999,999999,999999,999999,999999,999999,999999,999999,999999,999999,999999,999999,999999,999999,999999,999999,999999,999999,999999,999999,999999,999999,999999,999999,999999,999999,999999,999999,999999,999999,999999,999999,999999,999999,999999,999999,999999,999999,999999,999999,999999,999999,999999,999999,999999,999999,999999,999999,999999,999999,999999,999999,999999,999999,999999,999999,999999,999999,999999,999999,999999,999999,999999,999999,999999,999999,999999,999999,999999,999999,999999,999999,999999,999999,999999,999999,999999,999999,999999,999999,999999,999999,999999,999999,999999,999999,999999,999999,999999,999999,999999,999999,999999,999999,999999,999999
North Shore Collinwood,95,102,101,69,74,28,39,40,21,18,42,28,36,30,35,25,35,25,18,21,29.47,38.24,39.6,30.43,24.32,44.21,27.45,35.64,43.48,47.3,26.32,34.31,24.75,26.09,28.38,17.73,17.73,16.11,260.77,256.5,999999,14,999999,999999,10,999999,3,999999,999999,2,999999,2,999999,999999,1,999999,9,999999,999999,7,999999,21.43,999999,999999,20,999999,14.29,999999,999999,10,999999,64.29,999999,999999,70,999999,23,999999,999999,262.3,87,86,90,65,64,24,36,38,21,16,41,25,33,28,34,22,25,19,16,14,27.59,41.86,42.22,32.31,25,47.13,29.07,36.67,43.08,53.13,25.29,29.07,21.11,24.62,21.88,18,16.78,15.72,260.12,255.59,999999,999999,999999,999999,999999,999999,999999,999999,999999,999999,999999,999999,999999,999999,999999,999999,999999,999999,999999,999999,999999,999999,999999,999999,999999,999999,999999,999999,999999,999999,999999,999999,999999,999999,999999,999999,999999,999999,999999,999999,999999,999999,999999,999999,999999,999999,999999,999999,999999,999999,999999,999999,999999,999999,999999,999999,999999,999999,999999,999999,999999,999999,999999,999999,999999,999999,999999,999999,999999,999999,999999,999999,999999,999999,999999,999999,999999,999999,999999,999999,999999,999999,999999,999999,999999,999999,999999,999999,999999,999999,999999,999999,999999,999999,999999,999999,999999,999999,999999,999999,999999,999999,999999,999999,999999,999999,999999,999999,999999,999999,999999,999999,999999,999999,999999,999999,999999,999999,999999,999999
Ohio City,66,59,62,42,59,37,34,31,14,30,21,19,20,19,22,8,6,11,9,7,56.06,57.63,50,33.33,50.85,31.82,32.2,32.26,45.24,37.29,12.12,10.17,17.74,21.43,11.86,13.17,12.63,13.95,256.98,252.44,14,14,13,999999,21,8,7,9,999999,9,4,4,1,999999,7,2,3,3,999999,5,57.14,50,69.23,999999,42.86,28.57,28.57,7.69,999999,33.33,14.29,21.43,23.08,999999,23.81,13.14,15.86,11.38,999999,255.14,31,27,34,24,38,18,15,12,9,21,10,10,16,11,15,3,2,6,4,2,58.06,55.56,35.29,37.5,55.26,32.26,37.04,47.06,45.83,39.47,9.68,7.41,17.65,16.67,5.26,12.97,12.56,15.91,257.04,250.95,999999,999999,999999,999999,999999,999999,999999,999999,999999,999999,999999,999999,999999,999999,999999,999999,999999,999999,999999,999999,999999,999999,999999,999999,999999,999999,999999,999999,999999,999999,999999,999999,999999,999999,999999,999999,999999,999999,999999,999999,999999,999999,999999,999999,999999,999999,999999,999999,999999,999999,999999,999999,999999,999999,999999,999999,999999,999999,999999,999999,999999,999999,999999,999999,999999,999999,999999,999999,999999,999999,999999,999999,999999,999999,999999,999999,999999,999999,999999,999999,17,13,12,999999,999999,8,11,8,999999,999999,6,2,3,999999,999999,3,0,1,999999,999999,47.06,84.62,66.67,999999,999999,35.29,15.38,25,999999,999999,17.65,0,8.33,999999,999999,14.88,7,11.67,999999,999999
Old Brooklyn,143,155,193,151,171,55,50,86,67,79,63,77,75,66,63,25,28,32,18,29,38.46,32.26,44.56,44.37,46.2,44.06,49.68,38.86,43.71,36.84,17.48,18.06,16.58,11.92,16.96,15.95,16.96,14.66,254.18,254.5,75,74,89,76,117,29,23,38,28,58,36,37,37,38,41,10,14,14,10,18,38.67,31.08,42.7,36.84,49.57,48,50,41.57,50,35.04,13.33,18.92,15.73,13.16,15.38,15.64,17.45,15.02,255.54,253.07,26,41,46,34,50,13,11,14,16,18,8,20,23,14,21,5,10,9,4,11,50,26.83,30.43,47.06,36,30.77,48.78,50,41.18,42,19.23,24.39,19.57,11.76,22,15.27,18.41,16.02,252.32,258.34,999999,999999,999999,999999,999999,999999,999999,999999,999999,999999,999999,999999,999999,999999,999999,999999,999999,999999,999999,999999,999999,999999,999999,999999,999999,999999,999999,999999,999999,999999,999999,999999,999999,999999,999999,999999,999999,999999,999999,999999,999999,999999,999999,999999,999999,999999,999999,999999,999999,999999,999999,999999,999999,999999,999999,999999,999999,999999,999999,999999,999999,999999,999999,999999,999999,999999,999999,999999,999999,999999,999999,999999,999999,999999,999999,999999,999999,999999,999999,999999,34,34,52,33,999999,9,14,33,18,999999,16,18,12,12,999999,9,2,7,3,999999,26.47,41.18,63.46,54.55,999999,47.06,52.94,23.08,36.36,999999,26.47,5.88,13.46,9.09,999999,18.06,14.03,12.44,253.73,999999
St.Clair-Superior,53,53,52,51,37,28,19,22,15,14,18,26,22,29,18,7,8,8,7,5,52.83,35.85,42.31,29.41,37.84,33.96,49.06,42.31,56.86,48.65,13.21,15.09,15.38,13.73,13.51,14.72,15.51,14.44,258.33,256.81,999999,999999,999999,999999,999999,999999,999999,999999,999999,999999,999999,999999,999999,999999,999999,999999,999999,999999,999999,999999,999999,999999,999999,999999,999999,999999,999999,999999,999999,999999,999999,999999,999999,999999,999999,999999,999999,999999,999999,999999,48,49,50,47,35,26,16,21,13,13,17,26,21,28,17,5,7,8,6,5,54.17,32.65,42,27.66,37.14,35.42,53.06,42,59.57,48.57,10.42,14.29,16,12.77,14.29,14.48,15.82,14.72,258.06,256.94,999999,999999,999999,999999,999999,999999,999999,999999,999999,999999,999999,999999,999999,999999,999999,999999,999999,999999,999999,999999,999999,999999,999999,999999,999999,999999,999999,999999,999999,999999,999999,999999,999999,999999,999999,999999,999999,999999,999999,999999,999999,999999,999999,999999,999999,999999,999999,999999,999999,999999,999999,999999,999999,999999,999999,999999,999999,999999,999999,999999,999999,999999,999999,999999,999999,999999,999999,999999,999999,999999,999999,999999,999999,999999,999999,999999,999999,999999,999999,999999,999999,999999,999999,999999,999999,999999,999999,999999,999999,999999,999999,999999,999999,999999,999999,999999,999999,999999,999999,999999,999999,999999,999999,999999,999999,999999,999999,999999,999999,999999,999999,999999,999999,999999,999999,999999,999999,999999,999999,999999
Stockyards,124,118,132,102,82,77,72,75,42,52,43,37,47,45,23,4,9,10,15,7,62.1,61.02,56.82,41.18,63.41,34.68,31.36,35.61,44.12,28.05,3.23,7.63,7.58,14.71,8.54,12.21,12.14,12.48,256.22,248.55,48,35,40,28,64,24,15,18,13,42,24,16,20,10,16,0,4,2,5,6,50,42.86,45,46.43,65.63,50,45.71,50,35.71,25,0,11.43,5,17.86,9.38,13.25,14.63,14.33,254.39,248.53,28,28,34,23,18,15,17,19,11,10,11,9,11,8,7,2,2,4,4,1,53.57,60.71,55.88,47.83,55.56,39.29,32.14,32.35,34.78,38.89,7.14,7.14,11.76,17.39,5.56,13.11,12.82,13.74,255.22,248.61,999999,999999,999999,999999,999999,999999,999999,999999,999999,999999,999999,999999,999999,999999,999999,999999,999999,999999,999999,999999,999999,999999,999999,999999,999999,999999,999999,999999,999999,999999,999999,999999,999999,999999,999999,999999,999999,999999,999999,999999,999999,999999,10,999999,999999,999999,999999,5,999999,999999,999999,999999,5,999999,999999,999999,999999,0,999999,999999,999999,999999,50,999999,999999,999999,999999,50,999999,999999,999999,999999,0,999999,999999,999999,999999,12.5,999999,999999,45,45,47,48,999999,35,34,32,18,999999,8,9,11,25,999999,2,2,4,5,999999,77.78,75.56,68.09,37.5,999999,17.78,20,23.4,52.08,999999,4.44,4.44,8.51,10.42,999999,10.64,9.49,10.13,257,999999
Tremont,68,46,41,31,45,26,25,23,11,22,33,16,13,15,17,9,5,5,5,6,38.24,54.35,56.1,35.48,48.89,48.53,34.78,31.71,48.39,37.78,13.24,10.87,12.2,16.13,13.33,15.62,13.11,12.63,258.74,255.62,17,11,999999,999999,27,8,5,999999,999999,15,7,4,999999,999999,10,2,2,999999,999999,2,47.06,45.45,999999,999999,55.56,41.18,36.36,999999,999999,37.04,11.76,18.18,999999,999999,7.41,14.88,16.27,999999,999999,253.48,19,19,14,11,17,5,10,6,3,7,10,7,5,5,7,4,2,3,3,3,26.32,52.63,42.86,27.27,41.18,52.63,36.84,35.71,45.45,41.18,21.05,10.53,21.43,27.27,17.65,17.37,13.05,15.71,262.55,257.65,999999,999999,999999,999999,999999,999999,999999,999999,999999,999999,999999,999999,999999,999999,999999,999999,999999,999999,999999,999999,999999,999999,999999,999999,999999,999999,999999,999999,999999,999999,999999,999999,999999,999999,999999,999999,999999,999999,999999,999999,999999,999999,999999,999999,999999,999999,999999,999999,999999,999999,999999,999999,999999,999999,999999,999999,999999,999999,999999,999999,999999,999999,999999,999999,999999,999999,999999,999999,999999,999999,999999,999999,999999,999999,999999,999999,999999,999999,999999,999999,26,15,18,13,999999,10,10,12,6,999999,14,4,4,6,999999,2,1,2,1,999999,38.46,66.67,66.67,46.15,999999,53.85,26.67,22.22,46.15,999999,7.69,6.67,11.11,7.69,999999,14.81,10.67,10.78,255.23,999999
Union-Miles,144,109,128,143,105,57,45,57,50,42,62,52,51,70,46,25,12,20,23,17,39.58,41.28,44.53,34.97,40,43.06,47.71,39.84,48.95,43.81,17.36,11.01,15.63,16.08,16.19,16.22,14.97,14.2,257.22,255.25,999999,999999,999999,999999,999999,999999,999999,999999,999999,999999,999999,999999,999999,999999,999999,999999,999999,999999,999999,999999,999999,999999,999999,999999,999999,999999,999999,999999,999999,999999,999999,999999,999999,999999,999999,999999,999999,999999,999999,999999,140,107,124,139,103,55,43,55,47,40,60,52,49,69,46,25,12,20,23,17,39.29,40.19,44.35,33.81,38.83,42.86,48.6,39.52,49.64,44.66,17.86,11.21,16.13,16.55,16.5,16.4,15.11,14.27,257.65,255.65,999999,999999,999999,999999,999999,999999,999999,999999,999999,999999,999999,999999,999999,999999,999999,999999,999999,999999,999999,999999,999999,999999,999999,999999,999999,999999,999999,999999,999999,999999,999999,999999,999999,999999,999999,999999,999999,999999,999999,999999,999999,999999,999999,999999,999999,999999,999999,999999,999999,999999,999999,999999,999999,999999,999999,999999,999999,999999,999999,999999,999999,999999,999999,999999,999999,999999,999999,999999,999999,999999,999999,999999,999999,999999,999999,999999,999999,999999,999999,999999,999999,999999,999999,999999,999999,999999,999999,999999,999999,999999,999999,999999,999999,999999,999999,999999,999999,999999,999999,999999,999999,999999,999999,999999,999999,999999,999999,999999,999999,999999,999999,999999,999999,999999,999999,999999,999999,999999,999999,999999
University,999999,999999,11,10,13,999999,999999,4,2,6,999999,999999,4,6,2,999999,999999,3,2,5,999999,999999,36.36,20,46.15,999999,999999,36.36,60,15.38,999999,999999,27.27,20,38.46,999999,999999,18.18,257.9,254.23,999999,999999,999999,999999,999999,999999,999999,999999,999999,999999,999999,999999,999999,999999,999999,999999,999999,999999,999999,999999,999999,999999,999999,999999,999999,999999,999999,999999,999999,999999,999999,999999,999999,999999,999999,999999,999999,999999,999999,999999,999999,999999,10,10,11,999999,999999,3,2,5,999999,999999,4,6,2,999999,999999,3,2,4,999999,999999,30,20,45.45,999999,999999,40,60,18.18,999999,999999,30,20,36.36,999999,999999,18.7,257.9,251.91,999999,999999,999999,999999,999999,999999,999999,999999,999999,999999,999999,999999,999999,999999,999999,999999,999999,999999,999999,999999,999999,999999,999999,999999,999999,999999,999999,999999,999999,999999,999999,999999,999999,999999,999999,999999,999999,999999,999999,999999,999999,999999,999999,999999,999999,999999,999999,999999,999999,999999,999999,999999,999999,999999,999999,999999,999999,999999,999999,999999,999999,999999,999999,999999,999999,999999,999999,999999,999999,999999,999999,999999,999999,999999,999999,999999,999999,999999,999999,999999,999999,999999,999999,999999,999999,999999,999999,999999,999999,999999,999999,999999,999999,999999,999999,999999,999999,999999,999999,999999,999999,999999,999999,999999,999999,999999,999999,999999,999999,999999,999999,999999,999999,999999,999999,999999,999999,999999,999999,999999
West Boulevard,164,163,173,207,175,84,91,85,74,86,58,55,73,100,75,22,17,15,33,14,51.22,55.83,49.13,35.75,49.14,35.37,33.74,42.2,48.31,42.86,13.41,10.43,8.67,15.94,8,14.48,13.67,13.61,255.58,251.77,50,45,48,64,106,19,26,26,22,55,24,12,18,34,44,7,7,4,8,7,38,57.78,54.17,34.38,51.89,48,26.67,37.5,53.13,41.51,14,15.56,8.33,12.5,6.6,15.6,15.09,12.67,255.33,250.98,43,67,73,72,63,20,32,29,23,27,14,29,34,31,29,9,6,10,18,7,46.51,47.76,39.73,31.94,42.86,32.56,43.28,46.58,43.06,46.03,20.93,8.96,13.7,25,11.11,16.07,14.25,15.32,257.99,254.6,999999,999999,999999,999999,999999,999999,999999,999999,999999,999999,999999,999999,999999,999999,999999,999999,999999,999999,999999,999999,999999,999999,999999,999999,999999,999999,999999,999999,999999,999999,999999,999999,999999,999999,999999,999999,999999,999999,999999,999999,17,999999,999999,14,999999,11,999999,999999,7,999999,4,999999,999999,6,999999,2,999999,999999,1,999999,64.71,999999,999999,50,999999,23.53,999999,999999,42.86,999999,11.76,999999,999999,7.14,999999,14.06,999999,999999,246.71,999999,53,43,44,56,999999,34,28,25,22,999999,15,11,18,29,999999,4,4,1,5,999999,64.15,65.12,56.82,39.29,999999,28.3,25.58,40.91,51.79,999999,7.55,9.3,2.27,8.93,999999,12.11,11.49,12.32,254.34,999999
_Suburbs,118,130,118,111,107,29,29,38,29,32,57,49,41,42,46,32,52,39,40,29,24.58,22.31,32.2,26.13,29.91,48.31,37.69,34.75,37.84,42.99,27.12,40,33.05,36.04,27.1,18.69,19.78,17.89,261.79,259.72,16,21,18,999999,19,0,4,4,999999,5,8,4,5,999999,6,8,13,9,999999,8,0,19.05,22.22,999999,26.32,50,19.05,27.78,999999,31.58,50,61.9,50,999999,42.11,23.44,22.05,19.83,999999,263.95,92,100,86,93,87,25,20,27,26,27,45,44,34,36,39,22,36,25,31,21,27.17,20,31.4,27.96,31.03,48.91,44,39.53,38.71,44.83,23.91,36,29.07,33.33,24.14,18.18,19.66,17.93,260.56,258.84,999999,999999,999999,999999,999999,999999,999999,999999,999999,999999,999999,999999,999999,999999,999999,999999,999999,999999,999999,999999,999999,999999,999999,999999,999999,999999,999999,999999,999999,999999,999999,999999,999999,999999,999999,999999,999999,999999,999999,999999,999999,999999,999999,999999,999999,999999,999999,999999,999999,999999,999999,999999,999999,999999,999999,999999,999999,999999,999999,999999,999999,999999,999999,999999,999999,999999,999999,999999,999999,999999,999999,999999,999999,999999,999999,999999,999999,999999,999999,999999,999999,999999,999999,999999,999999,999999,999999,999999,999999,999999,999999,999999,999999,999999,999999,999999,999999,999999,999999,999999,999999,999999,999999,999999,999999,999999,999999,999999,999999,999999,999999,999999,999999,999999,999999,999999,999999,999999,999999,999999
_Unknown neighborhood,12,21,28,105,97,6,9,15,36,32,3,6,9,48,46,3,6,4,21,19,50,42.86,53.57,34.29,32.99,25,28.57,32.14,45.71,47.42,25,28.57,14.29,20,19.59,15.58,14.9,13.25,258.58,257.77,999999,999999,999999,23,20,999999,999999,999999,6,8,999999,999999,999999,11,8,999999,999999,999999,6,4,999999,999999,999999,26.09,40,999999,999999,999999,47.83,40,999999,999999,999999,26.09,20,999999,999999,999999,259.17,254.5,999999,999999,18,74,69,999999,999999,8,27,21,999999,999999,8,34,33,999999,999999,2,13,15,999999,999999,44.44,36.49,30.43,999999,999999,44.44,45.95,47.83,999999,999999,11.11,17.57,21.74,999999,999999,13.83,258.12,259.29,999999,999999,999999,999999,999999,999999,999999,999999,999999,999999,999999,999999,999999,999999,999999,999999,999999,999999,999999,999999,999999,999999,999999,999999,999999,999999,999999,999999,999999,999999,999999,999999,999999,999999,999999,999999,999999,999999,999999,999999,999999,999999,999999,999999,999999,999999,999999,999999,999999,999999,999999,999999,999999,999999,999999,999999,999999,999999,999999,999999,999999,999999,999999,999999,999999,999999,999999,999999,999999,999999,999999,999999,999999,999999,999999,999999,999999,999999,999999,999999,999999,999999,999999,999999,999999,999999,999999,999999,999999,999999,999999,999999,999999,999999,999999,999999,999999,999999,999999,999999,999999,999999,999999,999999,999999,999999,999999,999999,999999,999999,999999,999999,999999,999999,999999,999999,999999,999999,999999,999999
__CMSD,3147,2858,3057,2800,2549,1285,1263,1397,1029,1033,1313,1086,1155,1261,1075,549,509,505,510,441,40.83,44.19,45.7,36.75,40.53,41.72,38,37.78,45.04,42.17,17.45,17.81,16.52,18.21,17.3,15.86,15.4,14.92,257.12,255.5,532,490,523,480,804,232,184,217,157,375,209,184,193,223,290,91,122,113,100,139,43.61,37.55,41.49,32.71,46.64,39.29,37.55,36.9,46.46,36.07,17.11,24.9,21.61,20.83,17.29,15.58,17,15.55,257.75,254.23,2079,1864,1996,1853,1700,783,783,857,683,638,911,754,802,835,767,385,327,337,335,295,37.66,42.01,42.94,36.86,37.53,43.82,40.45,40.18,45.06,45.12,18.52,17.54,16.88,18.08,17.35,16.37,15.71,15.42,257.25,256.17,23,28,40,22,32,7,8,28,12,15,14,10,7,6,10,2,10,5,4,7,30.43,28.57,70,54.55,46.88,60.87,35.71,17.5,27.27,31.25,8.7,35.71,12.5,18.18,21.88,16.83,18.61,11.48,249.77,252.38,97,80,82,88,13,45,40,38,22,5,33,25,30,39,8,19,15,14,27,0,46.39,50,46.34,25,38.46,34.02,31.25,36.59,44.32,61.54,19.59,18.75,17.07,30.68,0,15.33,14.86,14.7,259.94,252.77,416,396,416,357,999999,218,248,257,155,999999,146,113,123,158,999999,52,35,36,44,999999,52.4,62.63,61.78,43.42,999999,35.1,28.54,29.57,44.26,999999,12.5,8.84,8.65,12.32,999999,13.73,11.8,12.09,255.33,999999
