<?xml version="1.0" encoding="UTF-8"?>
<metadata xml:lang="en"><Esri><CreaDate>20171120</CreaDate><CreaTime>10541600</CreaTime><ArcGISFormat>1.0</ArcGISFormat><SyncOnce>FALSE</SyncOnce><DataProperties><itemProps><itemName Sync="TRUE">2017_CDC_Service_Areas2</itemName><imsContentType Sync="TRUE">002</imsContentType><itemSize Sync="TRUE">0.000</itemSize><itemLocation><linkage Sync="TRUE">file://\\npiex2k10\common\CDC Advancement\Nina GIS\2017 CDC Service Areas\2017_CDC_Service_Areas2.shp</linkage><protocol Sync="TRUE">Local Area Network</protocol></itemLocation></itemProps><coordRef><type Sync="TRUE">Geographic</type><geogcsn Sync="TRUE">GCS_North_American_1983</geogcsn><csUnits Sync="TRUE">Angular Unit: Degree (0.017453)</csUnits><peXml Sync="TRUE">&lt;GeographicCoordinateSystem xsi:type='typens:GeographicCoordinateSystem' xmlns:xsi='http://www.w3.org/2001/XMLSchema-instance' xmlns:xs='http://www.w3.org/2001/XMLSchema' xmlns:typens='http://www.esri.com/schemas/ArcGIS/10.5'&gt;&lt;WKT&gt;GEOGCS[&amp;quot;GCS_North_American_1983&amp;quot;,DATUM[&amp;quot;D_North_American_1983&amp;quot;,SPHEROID[&amp;quot;GRS_1980&amp;quot;,6378137.0,298.257222101]],PRIMEM[&amp;quot;Greenwich&amp;quot;,0.0],UNIT[&amp;quot;Degree&amp;quot;,0.0174532925199433],AUTHORITY[&amp;quot;EPSG&amp;quot;,4269]]&lt;/WKT&gt;&lt;XOrigin&gt;-400&lt;/XOrigin&gt;&lt;YOrigin&gt;-400&lt;/YOrigin&gt;&lt;XYScale&gt;11258999068426.238&lt;/XYScale&gt;&lt;ZOrigin&gt;-100000&lt;/ZOrigin&gt;&lt;ZScale&gt;10000&lt;/ZScale&gt;&lt;MOrigin&gt;-100000&lt;/MOrigin&gt;&lt;MScale&gt;10000&lt;/MScale&gt;&lt;XYTolerance&gt;8.9831528411952133e-009&lt;/XYTolerance&gt;&lt;ZTolerance&gt;0.001&lt;/ZTolerance&gt;&lt;MTolerance&gt;0.001&lt;/MTolerance&gt;&lt;HighPrecision&gt;true&lt;/HighPrecision&gt;&lt;LeftLongitude&gt;-180&lt;/LeftLongitude&gt;&lt;WKID&gt;4269&lt;/WKID&gt;&lt;LatestWKID&gt;4269&lt;/LatestWKID&gt;&lt;/GeographicCoordinateSystem&gt;</peXml></coordRef><lineage><Process ToolSource="c:\program files (x86)\arcgis\desktop10.5\ArcToolbox\Toolboxes\Data Management Tools.tbx\Merge" Date="20170316" Time="133720">Merge service_area_2015_group1_rev27Jan2016_region;service_area_2015_group2_region;service_area_2015_group3_region;service_area_2015_group4_region;service_area_2015_group5_region "T:\CDC Advancement\Nina GIS\2016 for dashboard\service_area_2015_all.shp" "CDC_ "CDC_" true true false 11 Double 0 11 ,First,#,service_area_2015_group1_rev27Jan2016_region,CDC_,-1,-1,service_area_2015_group2_region,CDC_,-1,-1,service_area_2015_group3_region,CDC_,-1,-1,service_area_2015_group4_region,CDC_,-1,-1,service_area_2015_group5_region,CDC_,-1,-1;CDC_ID "CDC_ID" true true false 11 Double 0 11 ,First,#,service_area_2015_group1_rev27Jan2016_region,CDC_ID,-1,-1,service_area_2015_group2_region,CDC_ID,-1,-1,service_area_2015_group3_region,CDC_ID,-1,-1,service_area_2015_group4_region,CDC_ID,-1,-1,service_area_2015_group5_region,CDC_ID,-1,-1;CDC "CDC" true true false 60 Text 0 0 ,First,#,service_area_2015_group1_rev27Jan2016_region,CDC,-1,-1,service_area_2015_group2_region,CDC,-1,-1,service_area_2015_group3_region,CDC,-1,-1,service_area_2015_group4_region,CDC,-1,-1,service_area_2015_group5_region,CDC,-1,-1;NOTE "NOTE" true true false 30 Text 0 0 ,First,#,service_area_2015_group1_rev27Jan2016_region,NOTE,-1,-1,service_area_2015_group2_region,NOTE,-1,-1,service_area_2015_group3_region,NOTE,-1,-1,service_area_2015_group4_region,NOTE,-1,-1,service_area_2015_group5_region,NOTE,-1,-1;ACRES "ACRES" true true false 31 Double 15 30 ,First,#,service_area_2015_group1_rev27Jan2016_region,ACRES,-1,-1,service_area_2015_group2_region,ACRES,-1,-1,service_area_2015_group3_region,ACRES,-1,-1,service_area_2015_group4_region,ACRES,-1,-1,service_area_2015_group5_region,ACRES,-1,-1;WARD "WARD" true true false 5 Text 0 0 ,First,#,service_area_2015_group1_rev27Jan2016_region,WARD,-1,-1,service_area_2015_group2_region,WARD,-1,-1,service_area_2015_group3_region,WARD,-1,-1,service_area_2015_group4_region,WARD,-1,-1,service_area_2015_group5_region,WARD,-1,-1;BLOCKGR "BLOCKGR" true true false 47 Text 0 0 ,First,#,service_area_2015_group1_rev27Jan2016_region,BLOCKGR,-1,-1,service_area_2015_group2_region,BLOCKGR,-1,-1,service_area_2015_group3_region,BLOCKGR,-1,-1,service_area_2015_group4_region,BLOCKGR,-1,-1,service_area_2015_group5_region,BLOCKGR,-1,-1;TRACT "TRACT" true true false 31 Double 15 30 ,First,#,service_area_2015_group1_rev27Jan2016_region,TRACT,-1,-1,service_area_2015_group2_region,TRACT,-1,-1,service_area_2015_group3_region,TRACT,-1,-1,service_area_2015_group4_region,TRACT,-1,-1,service_area_2015_group5_region,TRACT,-1,-1;CNTYNME "CNTYNME" true true false 15 Text 0 0 ,First,#,service_area_2015_group1_rev27Jan2016_region,CNTYNME,-1,-1,service_area_2015_group2_region,CNTYNME,-1,-1,service_area_2015_group3_region,CNTYNME,-1,-1,service_area_2015_group4_region,CNTYNME,-1,-1,service_area_2015_group5_region,CNTYNME,-1,-1;MCDNME "MCDNME" true true false 40 Text 0 0 ,First,#,service_area_2015_group1_rev27Jan2016_region,MCDNME,-1,-1,service_area_2015_group2_region,MCDNME,-1,-1,service_area_2015_group3_region,MCDNME,-1,-1,service_area_2015_group4_region,MCDNME,-1,-1,service_area_2015_group5_region,MCDNME,-1,-1;PLACENME "PLACENME" true true false 40 Text 0 0 ,First,#,service_area_2015_group1_rev27Jan2016_region,PLACENME,-1,-1,service_area_2015_group2_region,PLACENME,-1,-1,service_area_2015_group3_region,PLACENME,-1,-1,service_area_2015_group4_region,PLACENME,-1,-1,service_area_2015_group5_region,PLACENME,-1,-1;NEIGHBOR "NEIGHBOR" true true false 40 Text 0 0 ,First,#,service_area_2015_group1_rev27Jan2016_region,NEIGHBOR,-1,-1,service_area_2015_group2_region,NEIGHBOR,-1,-1,service_area_2015_group3_region,NEIGHBOR,-1,-1,service_area_2015_group4_region,NEIGHBOR,-1,-1,service_area_2015_group5_region,NEIGHBOR,-1,-1;GEONEI "GEONEI" true true false 22 Text 0 0 ,First,#,service_area_2015_group1_rev27Jan2016_region,GEONEI,-1,-1,service_area_2015_group2_region,GEONEI,-1,-1,service_area_2015_group3_region,GEONEI,-1,-1,service_area_2015_group4_region,GEONEI,-1,-1,service_area_2015_group5_region,GEONEI,-1,-1;GEONAME "GEONAME" true true false 26 Text 0 0 ,First,#,service_area_2015_group1_rev27Jan2016_region,GEONAME,-1,-1,service_area_2015_group2_region,GEONAME,-1,-1,service_area_2015_group3_region,GEONAME,-1,-1,service_area_2015_group4_region,GEONAME,-1,-1,service_area_2015_group5_region,GEONAME,-1,-1;BLK_KEY "BLK_KEY" true true false 15 Text 0 0 ,First,#,service_area_2015_group1_rev27Jan2016_region,BLK_KEY,-1,-1,service_area_2015_group2_region,BLK_KEY,-1,-1,service_area_2015_group3_region,BLK_KEY,-1,-1,service_area_2015_group4_region,BLK_KEY,-1,-1,service_area_2015_group5_region,BLK_KEY,-1,-1;AREA_MI "AREA_MI" true true false 31 Double 15 30 ,First,#,service_area_2015_group1_rev27Jan2016_region,AREA_MI,-1,-1,service_area_2015_group2_region,AREA_MI,-1,-1,service_area_2015_group3_region,AREA_MI,-1,-1,service_area_2015_group4_region,AREA_MI,-1,-1,service_area_2015_group5_region,AREA_MI,-1,-1;CENT_LAT "CENT_LAT" true true false 31 Double 15 30 ,First,#,service_area_2015_group1_rev27Jan2016_region,CENT_LAT,-1,-1,service_area_2015_group2_region,CENT_LAT,-1,-1,service_area_2015_group3_region,CENT_LAT,-1,-1,service_area_2015_group4_region,CENT_LAT,-1,-1,service_area_2015_group5_region,CENT_LAT,-1,-1;CENT_LON "CENT_LON" true true false 31 Double 15 30 ,First,#,service_area_2015_group1_rev27Jan2016_region,CENT_LON,-1,-1,service_area_2015_group2_region,CENT_LON,-1,-1,service_area_2015_group3_region,CENT_LON,-1,-1,service_area_2015_group4_region,CENT_LON,-1,-1,service_area_2015_group5_region,CENT_LON,-1,-1;OID_ "OID_" true true false 9 Long 0 9 ,First,#,service_area_2015_group1_rev27Jan2016_region,OID_,-1,-1,service_area_2015_group2_region,OID_,-1,-1,service_area_2015_group3_region,OID_,-1,-1,service_area_2015_group4_region,OID_,-1,-1,service_area_2015_group5_region,OID_,-1,-1;STFID00 "STFID00" true true false 15 Text 0 0 ,First,#,service_area_2015_group1_rev27Jan2016_region,STFID00,-1,-1,service_area_2015_group2_region,STFID00,-1,-1,service_area_2015_group3_region,STFID00,-1,-1,service_area_2015_group4_region,STFID00,-1,-1,service_area_2015_group5_region,STFID00,-1,-1;BLOCK "BLOCK" true true false 47 Text 0 0 ,First,#,service_area_2015_group1_rev27Jan2016_region,BLOCK,-1,-1,service_area_2015_group2_region,BLOCK,-1,-1,service_area_2015_group3_region,BLOCK,-1,-1,service_area_2015_group4_region,BLOCK,-1,-1,service_area_2015_group5_region,BLOCK,-1,-1;STFID00_BG "STFID00_BG" true true false 15 Text 0 0 ,First,#,service_area_2015_group1_rev27Jan2016_region,STFID00_BG,-1,-1,service_area_2015_group2_region,STFID00_BG,-1,-1,service_area_2015_group3_region,STFID00_BG,-1,-1,service_area_2015_group4_region,STFID00_BG,-1,-1,service_area_2015_group5_region,STFID00_BG,-1,-1;DISTRICT "DISTRICT" true true false 5 Text 0 0 ,First,#,service_area_2015_group1_rev27Jan2016_region,DISTRICT,-1,-1,service_area_2015_group2_region,DISTRICT,-1,-1,service_area_2015_group3_region,DISTRICT,-1,-1,service_area_2015_group4_region,DISTRICT,-1,-1,service_area_2015_group5_region,DISTRICT,-1,-1;SIA "SIA" true true false 30 Text 0 0 ,First,#,service_area_2015_group1_rev27Jan2016_region,SIA,-1,-1,service_area_2015_group2_region,SIA,-1,-1,service_area_2015_group3_region,SIA,-1,-1,service_area_2015_group4_region,SIA,-1,-1,service_area_2015_group5_region,SIA,-1,-1;PASSED "PASSED" true true false 100 Text 0 0 ,First,#,service_area_2015_group1_rev27Jan2016_region,PASSED,-1,-1,service_area_2015_group2_region,PASSED,-1,-1,service_area_2015_group3_region,PASSED,-1,-1,service_area_2015_group4_region,PASSED,-1,-1,service_area_2015_group5_region,PASSED,-1,-1;COUNCILMEM "COUNCILMEM" true true false 30 Text 0 0 ,First,#,service_area_2015_group1_rev27Jan2016_region,COUNCILMEM,-1,-1,service_area_2015_group2_region,COUNCILMEM,-1,-1,service_area_2015_group3_region,COUNCILMEM,-1,-1,service_area_2015_group4_region,COUNCILMEM,-1,-1,service_area_2015_group5_region,COUNCILMEM,-1,-1;WARD_2014 "WARD_2014" true true false 4 Short 0 4 ,First,#,service_area_2015_group1_rev27Jan2016_region,WARD_2014,-1,-1,service_area_2015_group2_region,WARD_2014,-1,-1,service_area_2015_group3_region,WARD_2014,-1,-1,service_area_2015_group4_region,WARD_2014,-1,-1,service_area_2015_group5_region,WARD_2014,-1,-1;ID "ID" true true false 6 Long 0 6 ,First,#,service_area_2015_group1_rev27Jan2016_region,ID,-1,-1,service_area_2015_group2_region,ID,-1,-1,service_area_2015_group3_region,ID,-1,-1,service_area_2015_group4_region,ID,-1,-1,service_area_2015_group5_region,ID,-1,-1;NAME "NAME" true true false 35 Text 0 0 ,First,#,service_area_2015_group1_rev27Jan2016_region,NAME,-1,-1,service_area_2015_group2_region,NAME,-1,-1,service_area_2015_group3_region,NAME,-1,-1,service_area_2015_group4_region,NAME,-1,-1,service_area_2015_group5_region,NAME,-1,-1;ET_ID "ET_ID" true true false 8 Long 0 8 ,First,#,service_area_2015_group1_rev27Jan2016_region,ET_ID,-1,-1,service_area_2015_group2_region,ET_ID,-1,-1,service_area_2015_group3_region,ET_ID,-1,-1,service_area_2015_group4_region,ET_ID,-1,-1,service_area_2015_group5_region,ET_ID,-1,-1;AREA "AREA" true true false 31 Double 15 30 ,First,#,service_area_2015_group1_rev27Jan2016_region,AREA,-1,-1,service_area_2015_group2_region,AREA,-1,-1,service_area_2015_group3_region,AREA,-1,-1,service_area_2015_group4_region,AREA,-1,-1,service_area_2015_group5_region,AREA,-1,-1;PERIMETER "PERIMETER" true true false 31 Double 15 30 ,First,#,service_area_2015_group1_rev27Jan2016_region,PERIMETER,-1,-1,service_area_2015_group2_region,PERIMETER,-1,-1,service_area_2015_group3_region,PERIMETER,-1,-1,service_area_2015_group4_region,PERIMETER,-1,-1,service_area_2015_group5_region,PERIMETER,-1,-1;CE_SPA90_ "CE_SPA90_" true true false 11 Double 0 11 ,First,#,service_area_2015_group1_rev27Jan2016_region,CE_SPA90_,-1,-1,service_area_2015_group2_region,CE_SPA90_,-1,-1,service_area_2015_group3_region,CE_SPA90_,-1,-1,service_area_2015_group4_region,CE_SPA90_,-1,-1,service_area_2015_group5_region,CE_SPA90_,-1,-1;CE_SPA90_I "CE_SPA90_I" true true false 11 Double 0 11 ,First,#,service_area_2015_group1_rev27Jan2016_region,CE_SPA90_I,-1,-1,service_area_2015_group2_region,CE_SPA90_I,-1,-1,service_area_2015_group3_region,CE_SPA90_I,-1,-1,service_area_2015_group4_region,CE_SPA90_I,-1,-1,service_area_2015_group5_region,CE_SPA90_I,-1,-1;SPA "SPA" true true false 2 Text 0 0 ,First,#,service_area_2015_group1_rev27Jan2016_region,SPA,-1,-1,service_area_2015_group2_region,SPA,-1,-1,service_area_2015_group3_region,SPA,-1,-1,service_area_2015_group4_region,SPA,-1,-1,service_area_2015_group5_region,SPA,-1,-1;SPANM "SPANM" true true false 24 Text 0 0 ,First,#,service_area_2015_group1_rev27Jan2016_region,SPANM,-1,-1,service_area_2015_group2_region,SPANM,-1,-1,service_area_2015_group3_region,SPANM,-1,-1,service_area_2015_group4_region,SPANM,-1,-1,service_area_2015_group5_region,SPANM,-1,-1;DIST "DIST" true true false 1 Text 0 0 ,First,#,service_area_2015_group1_rev27Jan2016_region,DIST,-1,-1,service_area_2015_group2_region,DIST,-1,-1,service_area_2015_group3_region,DIST,-1,-1,service_area_2015_group4_region,DIST,-1,-1,service_area_2015_group5_region,DIST,-1,-1;INTERMED "INTERMED" true true false 31 Double 15 30 ,First,#,service_area_2015_group1_rev27Jan2016_region,INTERMED,-1,-1,service_area_2015_group2_region,INTERMED,-1,-1,service_area_2015_group3_region,INTERMED,-1,-1,service_area_2015_group4_region,INTERMED,-1,-1,service_area_2015_group5_region,INTERMED,-1,-1;SQ_MILES "SQ_MILES" true true false 31 Double 15 30 ,First,#,service_area_2015_group1_rev27Jan2016_region,SQ_MILES,-1,-1,service_area_2015_group2_region,SQ_MILES,-1,-1,service_area_2015_group3_region,SQ_MILES,-1,-1,service_area_2015_group4_region,SQ_MILES,-1,-1,service_area_2015_group5_region,SQ_MILES,-1,-1;CDMODELBLK "CDMODELBLK" true true false 15 Text 0 0 ,First,#,service_area_2015_group1_rev27Jan2016_region,CDMODELBLK,-1,-1,service_area_2015_group2_region,CDMODELBLK,-1,-1,service_area_2015_group3_region,CDMODELBLK,-1,-1,service_area_2015_group4_region,CDMODELBLK,-1,-1,service_area_2015_group5_region,CDMODELBLK,-1,-1;LB_HOLD "LB_HOLD" true true false 20 Text 0 0 ,First,#,service_area_2015_group1_rev27Jan2016_region,LB_HOLD,-1,-1,service_area_2015_group2_region,LB_HOLD,-1,-1,service_area_2015_group3_region,LB_HOLD,-1,-1,service_area_2015_group4_region,LB_HOLD,-1,-1,service_area_2015_group5_region,LB_HOLD,-1,-1;MB_HTF "MB_HTF" true true false 25 Text 0 0 ,First,#,service_area_2015_group1_rev27Jan2016_region,MB_HTF,-1,-1,service_area_2015_group2_region,MB_HTF,-1,-1,service_area_2015_group3_region,MB_HTF,-1,-1,service_area_2015_group4_region,MB_HTF,-1,-1,service_area_2015_group5_region,MB_HTF,-1,-1;NPI_SII "NPI_SII" true true false 20 Text 0 0 ,First,#,service_area_2015_group1_rev27Jan2016_region,NPI_SII,-1,-1,service_area_2015_group2_region,NPI_SII,-1,-1,service_area_2015_group3_region,NPI_SII,-1,-1,service_area_2015_group4_region,NPI_SII,-1,-1,service_area_2015_group5_region,NPI_SII,-1,-1;TYPOLOGY "TYPOLOGY" true true false 50 Text 0 0 ,First,#,service_area_2015_group1_rev27Jan2016_region,TYPOLOGY,-1,-1,service_area_2015_group2_region,TYPOLOGY,-1,-1,service_area_2015_group3_region,TYPOLOGY,-1,-1,service_area_2015_group4_region,TYPOLOGY,-1,-1,service_area_2015_group5_region,TYPOLOGY,-1,-1;ACRE "ACRE" true true false 12 Double 1 11 ,First,#,service_area_2015_group1_rev27Jan2016_region,ACRE,-1,-1,service_area_2015_group2_region,ACRE,-1,-1,service_area_2015_group3_region,ACRE,-1,-1,service_area_2015_group4_region,ACRE,-1,-1,service_area_2015_group5_region,ACRE,-1,-1"</Process><Process ToolSource="c:\program files (x86)\arcgis\desktop10.5\ArcToolbox\Toolboxes\Data Management Tools.tbx\Merge" Date="20170330" Time="120332">Merge Collinwood_Nottingham;St_Clair;Northeast_Shores;University_Circle;Little_Italy;Famicos;Hough;Fairfax_Renaissance;Burten_Bell_Carr;Mount_Pleasant;Shaker_Square_Area;BuckeyeArea;Harvard;Union_Miles;Slavic_Village;Historic_Gateway;Historic_Warehouse;Midtown;Campus_District;FlatsForward;Ohio_City;Tremont_West;Metro_West;Detroit_Shoreway;Old_Brooklyn;Cudell;Bellaire_Puritas;Kamms_Corners;Westown "T:\CDC Advancement\Nina GIS\2017 CDC Service Areas\2017_CDC_Service_Areas1.shp" "CDC_ "CDC_" true true false 19 Double 0 0 ,First,#,Collinwood_Nottingham,CDC_,-1,-1,St_Clair,CDC_,-1,-1,Northeast_Shores,CDC_,-1,-1,University_Circle,CDC_,-1,-1,Little_Italy,CDC_,-1,-1,Famicos,CDC_,-1,-1,Hough,CDC_,-1,-1,Fairfax_Renaissance,CDC_,-1,-1,Burten_Bell_Carr,CDC_,-1,-1,Mount_Pleasant,CDC_,-1,-1,Shaker_Square_Area,CDC_,-1,-1,BuckeyeArea,CDC_,-1,-1,Harvard,CDC_,-1,-1,Union_Miles,CDC_,-1,-1,Slavic_Village,CDC_,-1,-1,Historic_Gateway,CDC_,-1,-1,Historic_Warehouse,CDC_,-1,-1,Midtown,CDC_,-1,-1,Campus_District,CDC_,-1,-1,FlatsForward,CDC_,-1,-1,Ohio_City,CDC_,-1,-1,Tremont_West,CDC_,-1,-1,Metro_West,CDC_,-1,-1,Detroit_Shoreway,CDC_,-1,-1,Old_Brooklyn,CDC_,-1,-1,Cudell,CDC_,-1,-1,Bellaire_Puritas,CDC_,-1,-1,Kamms_Corners,CDC_,-1,-1,Westown,CDC_,-1,-1;CDC_ID "CDC_ID" true true false 19 Double 0 0 ,First,#,Collinwood_Nottingham,CDC_ID,-1,-1,St_Clair,CDC_ID,-1,-1,Northeast_Shores,CDC_ID,-1,-1,University_Circle,CDC_ID,-1,-1,Little_Italy,CDC_ID,-1,-1,Famicos,CDC_ID,-1,-1,Hough,CDC_ID,-1,-1,Fairfax_Renaissance,CDC_ID,-1,-1,Burten_Bell_Carr,CDC_ID,-1,-1,Mount_Pleasant,CDC_ID,-1,-1,Shaker_Square_Area,CDC_ID,-1,-1,BuckeyeArea,CDC_ID,-1,-1,Harvard,CDC_ID,-1,-1,Union_Miles,CDC_ID,-1,-1,Slavic_Village,CDC_ID,-1,-1,Historic_Gateway,CDC_ID,-1,-1,Historic_Warehouse,CDC_ID,-1,-1,Midtown,CDC_ID,-1,-1,Campus_District,CDC_ID,-1,-1,FlatsForward,CDC_ID,-1,-1,Ohio_City,CDC_ID,-1,-1,Tremont_West,CDC_ID,-1,-1,Metro_West,CDC_ID,-1,-1,Detroit_Shoreway,CDC_ID,-1,-1,Old_Brooklyn,CDC_ID,-1,-1,Cudell,CDC_ID,-1,-1,Bellaire_Puritas,CDC_ID,-1,-1,Kamms_Corners,CDC_ID,-1,-1,Westown,CDC_ID,-1,-1;CDC "CDC" true true false 60 Text 0 0 ,First,#,Collinwood_Nottingham,CDC,-1,-1,St_Clair,CDC,-1,-1,Northeast_Shores,CDC,-1,-1,University_Circle,CDC,-1,-1,Little_Italy,CDC,-1,-1,Famicos,CDC,-1,-1,Hough,CDC,-1,-1,Fairfax_Renaissance,CDC,-1,-1,Burten_Bell_Carr,CDC,-1,-1,Mount_Pleasant,CDC,-1,-1,Shaker_Square_Area,CDC,-1,-1,BuckeyeArea,CDC,-1,-1,Harvard,CDC,-1,-1,Union_Miles,CDC,-1,-1,Slavic_Village,CDC,-1,-1,Historic_Gateway,CDC,-1,-1,Historic_Warehouse,CDC,-1,-1,Midtown,CDC,-1,-1,Campus_District,CDC,-1,-1,FlatsForward,CDC,-1,-1,Ohio_City,CDC,-1,-1,Tremont_West,CDC,-1,-1,Metro_West,CDC,-1,-1,Detroit_Shoreway,CDC,-1,-1,Old_Brooklyn,CDC,-1,-1,Cudell,CDC,-1,-1,Bellaire_Puritas,CDC,-1,-1,Kamms_Corners,CDC,-1,-1,Westown,CDC,-1,-1;NOTE "NOTE" true true false 30 Text 0 0 ,First,#,Collinwood_Nottingham,NOTE,-1,-1,St_Clair,NOTE,-1,-1,Northeast_Shores,NOTE,-1,-1,University_Circle,NOTE,-1,-1,Little_Italy,NOTE,-1,-1,Famicos,NOTE,-1,-1,Hough,NOTE,-1,-1,Fairfax_Renaissance,NOTE,-1,-1,Burten_Bell_Carr,NOTE,-1,-1,Mount_Pleasant,NOTE,-1,-1,Shaker_Square_Area,NOTE,-1,-1,BuckeyeArea,NOTE,-1,-1,Harvard,NOTE,-1,-1,Union_Miles,NOTE,-1,-1,Slavic_Village,NOTE,-1,-1,Historic_Gateway,NOTE,-1,-1,Historic_Warehouse,NOTE,-1,-1,Midtown,NOTE,-1,-1,Campus_District,NOTE,-1,-1,FlatsForward,NOTE,-1,-1,Ohio_City,NOTE,-1,-1,Tremont_West,NOTE,-1,-1,Metro_West,NOTE,-1,-1,Detroit_Shoreway,NOTE,-1,-1,Old_Brooklyn,NOTE,-1,-1,Cudell,NOTE,-1,-1,Bellaire_Puritas,NOTE,-1,-1,Kamms_Corners,NOTE,-1,-1,Westown,NOTE,-1,-1;ACRES "ACRES" true true false 19 Double 0 0 ,First,#,Collinwood_Nottingham,ACRES,-1,-1,St_Clair,ACRES,-1,-1,Northeast_Shores,ACRES,-1,-1,University_Circle,ACRES,-1,-1,Little_Italy,ACRES,-1,-1,Famicos,ACRES,-1,-1,Hough,ACRES,-1,-1,Fairfax_Renaissance,ACRES,-1,-1,Burten_Bell_Carr,ACRES,-1,-1,Mount_Pleasant,ACRES,-1,-1,Shaker_Square_Area,ACRES,-1,-1,BuckeyeArea,ACRES,-1,-1,Harvard,ACRES,-1,-1,Union_Miles,ACRES,-1,-1,Slavic_Village,ACRES,-1,-1,Historic_Gateway,ACRES,-1,-1,Historic_Warehouse,ACRES,-1,-1,Midtown,ACRES,-1,-1,Campus_District,ACRES,-1,-1,FlatsForward,ACRES,-1,-1,Ohio_City,ACRES,-1,-1,Tremont_West,ACRES,-1,-1,Metro_West,ACRES,-1,-1,Detroit_Shoreway,ACRES,-1,-1,Old_Brooklyn,ACRES,-1,-1,Cudell,ACRES,-1,-1,Bellaire_Puritas,ACRES,-1,-1,Kamms_Corners,ACRES,-1,-1,Westown,ACRES,-1,-1;WARD "WARD" true true false 5 Text 0 0 ,First,#,Collinwood_Nottingham,WARD,-1,-1,St_Clair,WARD,-1,-1,Northeast_Shores,WARD,-1,-1,University_Circle,WARD,-1,-1,Little_Italy,WARD,-1,-1,Famicos,WARD,-1,-1,Hough,WARD,-1,-1,Fairfax_Renaissance,WARD,-1,-1,Burten_Bell_Carr,WARD,-1,-1,Mount_Pleasant,WARD,-1,-1,Shaker_Square_Area,WARD,-1,-1,BuckeyeArea,WARD,-1,-1,Harvard,WARD,-1,-1,Union_Miles,WARD,-1,-1,Slavic_Village,WARD,-1,-1,Historic_Gateway,WARD,-1,-1,Historic_Warehouse,WARD,-1,-1,Midtown,WARD,-1,-1,Campus_District,WARD,-1,-1,FlatsForward,WARD,-1,-1,Ohio_City,WARD,-1,-1,Tremont_West,WARD,-1,-1,Metro_West,WARD,-1,-1,Detroit_Shoreway,WARD,-1,-1,Old_Brooklyn,WARD,-1,-1,Cudell,WARD,-1,-1,Bellaire_Puritas,WARD,-1,-1,Kamms_Corners,WARD,-1,-1,Westown,WARD,-1,-1;BLOCKGR "BLOCKGR" true true false 47 Text 0 0 ,First,#,Collinwood_Nottingham,BLOCKGR,-1,-1,St_Clair,BLOCKGR,-1,-1,Northeast_Shores,BLOCKGR,-1,-1,University_Circle,BLOCKGR,-1,-1,Little_Italy,BLOCKGR,-1,-1,Famicos,BLOCKGR,-1,-1,Hough,BLOCKGR,-1,-1,Fairfax_Renaissance,BLOCKGR,-1,-1,Burten_Bell_Carr,BLOCKGR,-1,-1,Mount_Pleasant,BLOCKGR,-1,-1,Shaker_Square_Area,BLOCKGR,-1,-1,BuckeyeArea,BLOCKGR,-1,-1,Harvard,BLOCKGR,-1,-1,Union_Miles,BLOCKGR,-1,-1,Slavic_Village,BLOCKGR,-1,-1,Historic_Gateway,BLOCKGR,-1,-1,Historic_Warehouse,BLOCKGR,-1,-1,Midtown,BLOCKGR,-1,-1,Campus_District,BLOCKGR,-1,-1,FlatsForward,BLOCKGR,-1,-1,Ohio_City,BLOCKGR,-1,-1,Tremont_West,BLOCKGR,-1,-1,Metro_West,BLOCKGR,-1,-1,Detroit_Shoreway,BLOCKGR,-1,-1,Old_Brooklyn,BLOCKGR,-1,-1,Cudell,BLOCKGR,-1,-1,Bellaire_Puritas,BLOCKGR,-1,-1,Kamms_Corners,BLOCKGR,-1,-1,Westown,BLOCKGR,-1,-1;TRACT "TRACT" true true false 19 Double 0 0 ,First,#,Collinwood_Nottingham,TRACT,-1,-1,St_Clair,TRACT,-1,-1,Northeast_Shores,TRACT,-1,-1,University_Circle,TRACT,-1,-1,Little_Italy,TRACT,-1,-1,Famicos,TRACT,-1,-1,Hough,TRACT,-1,-1,Fairfax_Renaissance,TRACT,-1,-1,Burten_Bell_Carr,TRACT,-1,-1,Mount_Pleasant,TRACT,-1,-1,Shaker_Square_Area,TRACT,-1,-1,BuckeyeArea,TRACT,-1,-1,Harvard,TRACT,-1,-1,Union_Miles,TRACT,-1,-1,Slavic_Village,TRACT,-1,-1,Historic_Gateway,TRACT,-1,-1,Historic_Warehouse,TRACT,-1,-1,Midtown,TRACT,-1,-1,Campus_District,TRACT,-1,-1,FlatsForward,TRACT,-1,-1,Ohio_City,TRACT,-1,-1,Tremont_West,TRACT,-1,-1,Metro_West,TRACT,-1,-1,Detroit_Shoreway,TRACT,-1,-1,Old_Brooklyn,TRACT,-1,-1,Cudell,TRACT,-1,-1,Bellaire_Puritas,TRACT,-1,-1,Kamms_Corners,TRACT,-1,-1,Westown,TRACT,-1,-1;CNTYNME "CNTYNME" true true false 15 Text 0 0 ,First,#,Collinwood_Nottingham,CNTYNME,-1,-1,St_Clair,CNTYNME,-1,-1,Northeast_Shores,CNTYNME,-1,-1,University_Circle,CNTYNME,-1,-1,Little_Italy,CNTYNME,-1,-1,Famicos,CNTYNME,-1,-1,Hough,CNTYNME,-1,-1,Fairfax_Renaissance,CNTYNME,-1,-1,Burten_Bell_Carr,CNTYNME,-1,-1,Mount_Pleasant,CNTYNME,-1,-1,Shaker_Square_Area,CNTYNME,-1,-1,BuckeyeArea,CNTYNME,-1,-1,Harvard,CNTYNME,-1,-1,Union_Miles,CNTYNME,-1,-1,Slavic_Village,CNTYNME,-1,-1,Historic_Gateway,CNTYNME,-1,-1,Historic_Warehouse,CNTYNME,-1,-1,Midtown,CNTYNME,-1,-1,Campus_District,CNTYNME,-1,-1,FlatsForward,CNTYNME,-1,-1,Ohio_City,CNTYNME,-1,-1,Tremont_West,CNTYNME,-1,-1,Metro_West,CNTYNME,-1,-1,Detroit_Shoreway,CNTYNME,-1,-1,Old_Brooklyn,CNTYNME,-1,-1,Cudell,CNTYNME,-1,-1,Bellaire_Puritas,CNTYNME,-1,-1,Kamms_Corners,CNTYNME,-1,-1,Westown,CNTYNME,-1,-1;MCDNME "MCDNME" true true false 40 Text 0 0 ,First,#,Collinwood_Nottingham,MCDNME,-1,-1,St_Clair,MCDNME,-1,-1,Northeast_Shores,MCDNME,-1,-1,University_Circle,MCDNME,-1,-1,Little_Italy,MCDNME,-1,-1,Famicos,MCDNME,-1,-1,Hough,MCDNME,-1,-1,Fairfax_Renaissance,MCDNME,-1,-1,Burten_Bell_Carr,MCDNME,-1,-1,Mount_Pleasant,MCDNME,-1,-1,Shaker_Square_Area,MCDNME,-1,-1,BuckeyeArea,MCDNME,-1,-1,Harvard,MCDNME,-1,-1,Union_Miles,MCDNME,-1,-1,Slavic_Village,MCDNME,-1,-1,Historic_Gateway,MCDNME,-1,-1,Historic_Warehouse,MCDNME,-1,-1,Midtown,MCDNME,-1,-1,Campus_District,MCDNME,-1,-1,FlatsForward,MCDNME,-1,-1,Ohio_City,MCDNME,-1,-1,Tremont_West,MCDNME,-1,-1,Metro_West,MCDNME,-1,-1,Detroit_Shoreway,MCDNME,-1,-1,Old_Brooklyn,MCDNME,-1,-1,Cudell,MCDNME,-1,-1,Bellaire_Puritas,MCDNME,-1,-1,Kamms_Corners,MCDNME,-1,-1,Westown,MCDNME,-1,-1;PLACENME "PLACENME" true true false 40 Text 0 0 ,First,#,Collinwood_Nottingham,PLACENME,-1,-1,St_Clair,PLACENME,-1,-1,Northeast_Shores,PLACENME,-1,-1,University_Circle,PLACENME,-1,-1,Little_Italy,PLACENME,-1,-1,Famicos,PLACENME,-1,-1,Hough,PLACENME,-1,-1,Fairfax_Renaissance,PLACENME,-1,-1,Burten_Bell_Carr,PLACENME,-1,-1,Mount_Pleasant,PLACENME,-1,-1,Shaker_Square_Area,PLACENME,-1,-1,BuckeyeArea,PLACENME,-1,-1,Harvard,PLACENME,-1,-1,Union_Miles,PLACENME,-1,-1,Slavic_Village,PLACENME,-1,-1,Historic_Gateway,PLACENME,-1,-1,Historic_Warehouse,PLACENME,-1,-1,Midtown,PLACENME,-1,-1,Campus_District,PLACENME,-1,-1,FlatsForward,PLACENME,-1,-1,Ohio_City,PLACENME,-1,-1,Tremont_West,PLACENME,-1,-1,Metro_West,PLACENME,-1,-1,Detroit_Shoreway,PLACENME,-1,-1,Old_Brooklyn,PLACENME,-1,-1,Cudell,PLACENME,-1,-1,Bellaire_Puritas,PLACENME,-1,-1,Kamms_Corners,PLACENME,-1,-1,Westown,PLACENME,-1,-1;NEIGHBOR "NEIGHBOR" true true false 40 Text 0 0 ,First,#,Collinwood_Nottingham,NEIGHBOR,-1,-1,St_Clair,NEIGHBOR,-1,-1,Northeast_Shores,NEIGHBOR,-1,-1,University_Circle,NEIGHBOR,-1,-1,Little_Italy,NEIGHBOR,-1,-1,Famicos,NEIGHBOR,-1,-1,Hough,NEIGHBOR,-1,-1,Fairfax_Renaissance,NEIGHBOR,-1,-1,Burten_Bell_Carr,NEIGHBOR,-1,-1,Mount_Pleasant,NEIGHBOR,-1,-1,Shaker_Square_Area,NEIGHBOR,-1,-1,BuckeyeArea,NEIGHBOR,-1,-1,Harvard,NEIGHBOR,-1,-1,Union_Miles,NEIGHBOR,-1,-1,Slavic_Village,NEIGHBOR,-1,-1,Historic_Gateway,NEIGHBOR,-1,-1,Historic_Warehouse,NEIGHBOR,-1,-1,Midtown,NEIGHBOR,-1,-1,Campus_District,NEIGHBOR,-1,-1,FlatsForward,NEIGHBOR,-1,-1,Ohio_City,NEIGHBOR,-1,-1,Tremont_West,NEIGHBOR,-1,-1,Metro_West,NEIGHBOR,-1,-1,Detroit_Shoreway,NEIGHBOR,-1,-1,Old_Brooklyn,NEIGHBOR,-1,-1,Cudell,NEIGHBOR,-1,-1,Bellaire_Puritas,NEIGHBOR,-1,-1,Kamms_Corners,NEIGHBOR,-1,-1,Westown,NEIGHBOR,-1,-1;GEONEI "GEONEI" true true false 22 Text 0 0 ,First,#,Collinwood_Nottingham,GEONEI,-1,-1,St_Clair,GEONEI,-1,-1,Northeast_Shores,GEONEI,-1,-1,University_Circle,GEONEI,-1,-1,Little_Italy,GEONEI,-1,-1,Famicos,GEONEI,-1,-1,Hough,GEONEI,-1,-1,Fairfax_Renaissance,GEONEI,-1,-1,Burten_Bell_Carr,GEONEI,-1,-1,Mount_Pleasant,GEONEI,-1,-1,Shaker_Square_Area,GEONEI,-1,-1,BuckeyeArea,GEONEI,-1,-1,Harvard,GEONEI,-1,-1,Union_Miles,GEONEI,-1,-1,Slavic_Village,GEONEI,-1,-1,Historic_Gateway,GEONEI,-1,-1,Historic_Warehouse,GEONEI,-1,-1,Midtown,GEONEI,-1,-1,Campus_District,GEONEI,-1,-1,FlatsForward,GEONEI,-1,-1,Ohio_City,GEONEI,-1,-1,Tremont_West,GEONEI,-1,-1,Metro_West,GEONEI,-1,-1,Detroit_Shoreway,GEONEI,-1,-1,Old_Brooklyn,GEONEI,-1,-1,Cudell,GEONEI,-1,-1,Bellaire_Puritas,GEONEI,-1,-1,Kamms_Corners,GEONEI,-1,-1,Westown,GEONEI,-1,-1;GEONAME "GEONAME" true true false 26 Text 0 0 ,First,#,Collinwood_Nottingham,GEONAME,-1,-1,St_Clair,GEONAME,-1,-1,Northeast_Shores,GEONAME,-1,-1,University_Circle,GEONAME,-1,-1,Little_Italy,GEONAME,-1,-1,Famicos,GEONAME,-1,-1,Hough,GEONAME,-1,-1,Fairfax_Renaissance,GEONAME,-1,-1,Burten_Bell_Carr,GEONAME,-1,-1,Mount_Pleasant,GEONAME,-1,-1,Shaker_Square_Area,GEONAME,-1,-1,BuckeyeArea,GEONAME,-1,-1,Harvard,GEONAME,-1,-1,Union_Miles,GEONAME,-1,-1,Slavic_Village,GEONAME,-1,-1,Historic_Gateway,GEONAME,-1,-1,Historic_Warehouse,GEONAME,-1,-1,Midtown,GEONAME,-1,-1,Campus_District,GEONAME,-1,-1,FlatsForward,GEONAME,-1,-1,Ohio_City,GEONAME,-1,-1,Tremont_West,GEONAME,-1,-1,Metro_West,GEONAME,-1,-1,Detroit_Shoreway,GEONAME,-1,-1,Old_Brooklyn,GEONAME,-1,-1,Cudell,GEONAME,-1,-1,Bellaire_Puritas,GEONAME,-1,-1,Kamms_Corners,GEONAME,-1,-1,Westown,GEONAME,-1,-1;BLK_KEY "BLK_KEY" true true false 15 Text 0 0 ,First,#,Collinwood_Nottingham,BLK_KEY,-1,-1,St_Clair,BLK_KEY,-1,-1,Northeast_Shores,BLK_KEY,-1,-1,University_Circle,BLK_KEY,-1,-1,Little_Italy,BLK_KEY,-1,-1,Famicos,BLK_KEY,-1,-1,Hough,BLK_KEY,-1,-1,Fairfax_Renaissance,BLK_KEY,-1,-1,Burten_Bell_Carr,BLK_KEY,-1,-1,Mount_Pleasant,BLK_KEY,-1,-1,Shaker_Square_Area,BLK_KEY,-1,-1,BuckeyeArea,BLK_KEY,-1,-1,Harvard,BLK_KEY,-1,-1,Union_Miles,BLK_KEY,-1,-1,Slavic_Village,BLK_KEY,-1,-1,Historic_Gateway,BLK_KEY,-1,-1,Historic_Warehouse,BLK_KEY,-1,-1,Midtown,BLK_KEY,-1,-1,Campus_District,BLK_KEY,-1,-1,FlatsForward,BLK_KEY,-1,-1,Ohio_City,BLK_KEY,-1,-1,Tremont_West,BLK_KEY,-1,-1,Metro_West,BLK_KEY,-1,-1,Detroit_Shoreway,BLK_KEY,-1,-1,Old_Brooklyn,BLK_KEY,-1,-1,Cudell,BLK_KEY,-1,-1,Bellaire_Puritas,BLK_KEY,-1,-1,Kamms_Corners,BLK_KEY,-1,-1,Westown,BLK_KEY,-1,-1;AREA_MI "AREA_MI" true true false 19 Double 0 0 ,First,#,Collinwood_Nottingham,AREA_MI,-1,-1,St_Clair,AREA_MI,-1,-1,Northeast_Shores,AREA_MI,-1,-1,University_Circle,AREA_MI,-1,-1,Little_Italy,AREA_MI,-1,-1,Famicos,AREA_MI,-1,-1,Hough,AREA_MI,-1,-1,Fairfax_Renaissance,AREA_MI,-1,-1,Burten_Bell_Carr,AREA_MI,-1,-1,Mount_Pleasant,AREA_MI,-1,-1,Shaker_Square_Area,AREA_MI,-1,-1,BuckeyeArea,AREA_MI,-1,-1,Harvard,AREA_MI,-1,-1,Union_Miles,AREA_MI,-1,-1,Slavic_Village,AREA_MI,-1,-1,Historic_Gateway,AREA_MI,-1,-1,Historic_Warehouse,AREA_MI,-1,-1,Midtown,AREA_MI,-1,-1,Campus_District,AREA_MI,-1,-1,FlatsForward,AREA_MI,-1,-1,Ohio_City,AREA_MI,-1,-1,Tremont_West,AREA_MI,-1,-1,Metro_West,AREA_MI,-1,-1,Detroit_Shoreway,AREA_MI,-1,-1,Old_Brooklyn,AREA_MI,-1,-1,Cudell,AREA_MI,-1,-1,Bellaire_Puritas,AREA_MI,-1,-1,Kamms_Corners,AREA_MI,-1,-1,Westown,AREA_MI,-1,-1;CENT_LAT "CENT_LAT" true true false 19 Double 0 0 ,First,#,Collinwood_Nottingham,CENT_LAT,-1,-1,St_Clair,CENT_LAT,-1,-1,Northeast_Shores,CENT_LAT,-1,-1,University_Circle,CENT_LAT,-1,-1,Little_Italy,CENT_LAT,-1,-1,Famicos,CENT_LAT,-1,-1,Hough,CENT_LAT,-1,-1,Fairfax_Renaissance,CENT_LAT,-1,-1,Burten_Bell_Carr,CENT_LAT,-1,-1,Mount_Pleasant,CENT_LAT,-1,-1,Shaker_Square_Area,CENT_LAT,-1,-1,BuckeyeArea,CENT_LAT,-1,-1,Harvard,CENT_LAT,-1,-1,Union_Miles,CENT_LAT,-1,-1,Slavic_Village,CENT_LAT,-1,-1,Historic_Gateway,CENT_LAT,-1,-1,Historic_Warehouse,CENT_LAT,-1,-1,Midtown,CENT_LAT,-1,-1,Campus_District,CENT_LAT,-1,-1,FlatsForward,CENT_LAT,-1,-1,Ohio_City,CENT_LAT,-1,-1,Tremont_West,CENT_LAT,-1,-1,Metro_West,CENT_LAT,-1,-1,Detroit_Shoreway,CENT_LAT,-1,-1,Old_Brooklyn,CENT_LAT,-1,-1,Cudell,CENT_LAT,-1,-1,Bellaire_Puritas,CENT_LAT,-1,-1,Kamms_Corners,CENT_LAT,-1,-1,Westown,CENT_LAT,-1,-1;CENT_LON "CENT_LON" true true false 19 Double 0 0 ,First,#,Collinwood_Nottingham,CENT_LON,-1,-1,St_Clair,CENT_LON,-1,-1,Northeast_Shores,CENT_LON,-1,-1,University_Circle,CENT_LON,-1,-1,Little_Italy,CENT_LON,-1,-1,Famicos,CENT_LON,-1,-1,Hough,CENT_LON,-1,-1,Fairfax_Renaissance,CENT_LON,-1,-1,Burten_Bell_Carr,CENT_LON,-1,-1,Mount_Pleasant,CENT_LON,-1,-1,Shaker_Square_Area,CENT_LON,-1,-1,BuckeyeArea,CENT_LON,-1,-1,Harvard,CENT_LON,-1,-1,Union_Miles,CENT_LON,-1,-1,Slavic_Village,CENT_LON,-1,-1,Historic_Gateway,CENT_LON,-1,-1,Historic_Warehouse,CENT_LON,-1,-1,Midtown,CENT_LON,-1,-1,Campus_District,CENT_LON,-1,-1,FlatsForward,CENT_LON,-1,-1,Ohio_City,CENT_LON,-1,-1,Tremont_West,CENT_LON,-1,-1,Metro_West,CENT_LON,-1,-1,Detroit_Shoreway,CENT_LON,-1,-1,Old_Brooklyn,CENT_LON,-1,-1,Cudell,CENT_LON,-1,-1,Bellaire_Puritas,CENT_LON,-1,-1,Kamms_Corners,CENT_LON,-1,-1,Westown,CENT_LON,-1,-1;OID_ "OID_" true true false 10 Long 0 10 ,First,#,Collinwood_Nottingham,OID_,-1,-1,St_Clair,OID_,-1,-1,Northeast_Shores,OID_,-1,-1,University_Circle,OID_,-1,-1,Little_Italy,OID_,-1,-1,Famicos,OID_,-1,-1,Hough,OID_,-1,-1,Fairfax_Renaissance,OID_,-1,-1,Burten_Bell_Carr,OID_,-1,-1,Mount_Pleasant,OID_,-1,-1,Shaker_Square_Area,OID_,-1,-1,BuckeyeArea,OID_,-1,-1,Harvard,OID_,-1,-1,Union_Miles,OID_,-1,-1,Slavic_Village,OID_,-1,-1,Historic_Gateway,OID_,-1,-1,Historic_Warehouse,OID_,-1,-1,Midtown,OID_,-1,-1,Campus_District,OID_,-1,-1,FlatsForward,OID_,-1,-1,Ohio_City,OID_,-1,-1,Tremont_West,OID_,-1,-1,Metro_West,OID_,-1,-1,Detroit_Shoreway,OID_,-1,-1,Old_Brooklyn,OID_,-1,-1,Cudell,OID_,-1,-1,Bellaire_Puritas,OID_,-1,-1,Kamms_Corners,OID_,-1,-1,Westown,OID_,-1,-1;STFID00 "STFID00" true true false 15 Text 0 0 ,First,#,Collinwood_Nottingham,STFID00,-1,-1,St_Clair,STFID00,-1,-1,Northeast_Shores,STFID00,-1,-1,University_Circle,STFID00,-1,-1,Little_Italy,STFID00,-1,-1,Famicos,STFID00,-1,-1,Hough,STFID00,-1,-1,Fairfax_Renaissance,STFID00,-1,-1,Burten_Bell_Carr,STFID00,-1,-1,Mount_Pleasant,STFID00,-1,-1,Shaker_Square_Area,STFID00,-1,-1,BuckeyeArea,STFID00,-1,-1,Harvard,STFID00,-1,-1,Union_Miles,STFID00,-1,-1,Slavic_Village,STFID00,-1,-1,Historic_Gateway,STFID00,-1,-1,Historic_Warehouse,STFID00,-1,-1,Midtown,STFID00,-1,-1,Campus_District,STFID00,-1,-1,FlatsForward,STFID00,-1,-1,Ohio_City,STFID00,-1,-1,Tremont_West,STFID00,-1,-1,Metro_West,STFID00,-1,-1,Detroit_Shoreway,STFID00,-1,-1,Old_Brooklyn,STFID00,-1,-1,Cudell,STFID00,-1,-1,Bellaire_Puritas,STFID00,-1,-1,Kamms_Corners,STFID00,-1,-1,Westown,STFID00,-1,-1;BLOCK "BLOCK" true true false 47 Text 0 0 ,First,#,Collinwood_Nottingham,BLOCK,-1,-1,St_Clair,BLOCK,-1,-1,Northeast_Shores,BLOCK,-1,-1,University_Circle,BLOCK,-1,-1,Little_Italy,BLOCK,-1,-1,Famicos,BLOCK,-1,-1,Hough,BLOCK,-1,-1,Fairfax_Renaissance,BLOCK,-1,-1,Burten_Bell_Carr,BLOCK,-1,-1,Mount_Pleasant,BLOCK,-1,-1,Shaker_Square_Area,BLOCK,-1,-1,BuckeyeArea,BLOCK,-1,-1,Harvard,BLOCK,-1,-1,Union_Miles,BLOCK,-1,-1,Slavic_Village,BLOCK,-1,-1,Historic_Gateway,BLOCK,-1,-1,Historic_Warehouse,BLOCK,-1,-1,Midtown,BLOCK,-1,-1,Campus_District,BLOCK,-1,-1,FlatsForward,BLOCK,-1,-1,Ohio_City,BLOCK,-1,-1,Tremont_West,BLOCK,-1,-1,Metro_West,BLOCK,-1,-1,Detroit_Shoreway,BLOCK,-1,-1,Old_Brooklyn,BLOCK,-1,-1,Cudell,BLOCK,-1,-1,Bellaire_Puritas,BLOCK,-1,-1,Kamms_Corners,BLOCK,-1,-1,Westown,BLOCK,-1,-1;STFID00_BG "STFID00_BG" true true false 15 Text 0 0 ,First,#,Collinwood_Nottingham,STFID00_BG,-1,-1,St_Clair,STFID00_BG,-1,-1,Northeast_Shores,STFID00_BG,-1,-1,University_Circle,STFID00_BG,-1,-1,Little_Italy,STFID00_BG,-1,-1,Famicos,STFID00_BG,-1,-1,Hough,STFID00_BG,-1,-1,Fairfax_Renaissance,STFID00_BG,-1,-1,Burten_Bell_Carr,STFID00_BG,-1,-1,Mount_Pleasant,STFID00_BG,-1,-1,Shaker_Square_Area,STFID00_BG,-1,-1,BuckeyeArea,STFID00_BG,-1,-1,Harvard,STFID00_BG,-1,-1,Union_Miles,STFID00_BG,-1,-1,Slavic_Village,STFID00_BG,-1,-1,Historic_Gateway,STFID00_BG,-1,-1,Historic_Warehouse,STFID00_BG,-1,-1,Midtown,STFID00_BG,-1,-1,Campus_District,STFID00_BG,-1,-1,FlatsForward,STFID00_BG,-1,-1,Ohio_City,STFID00_BG,-1,-1,Tremont_West,STFID00_BG,-1,-1,Metro_West,STFID00_BG,-1,-1,Detroit_Shoreway,STFID00_BG,-1,-1,Old_Brooklyn,STFID00_BG,-1,-1,Cudell,STFID00_BG,-1,-1,Bellaire_Puritas,STFID00_BG,-1,-1,Kamms_Corners,STFID00_BG,-1,-1,Westown,STFID00_BG,-1,-1;DISTRICT "DISTRICT" true true false 5 Text 0 0 ,First,#,Collinwood_Nottingham,DISTRICT,-1,-1,St_Clair,DISTRICT,-1,-1,Northeast_Shores,DISTRICT,-1,-1,University_Circle,DISTRICT,-1,-1,Little_Italy,DISTRICT,-1,-1,Famicos,DISTRICT,-1,-1,Hough,DISTRICT,-1,-1,Fairfax_Renaissance,DISTRICT,-1,-1,Burten_Bell_Carr,DISTRICT,-1,-1,Mount_Pleasant,DISTRICT,-1,-1,Shaker_Square_Area,DISTRICT,-1,-1,BuckeyeArea,DISTRICT,-1,-1,Harvard,DISTRICT,-1,-1,Union_Miles,DISTRICT,-1,-1,Slavic_Village,DISTRICT,-1,-1,Historic_Gateway,DISTRICT,-1,-1,Historic_Warehouse,DISTRICT,-1,-1,Midtown,DISTRICT,-1,-1,Campus_District,DISTRICT,-1,-1,FlatsForward,DISTRICT,-1,-1,Ohio_City,DISTRICT,-1,-1,Tremont_West,DISTRICT,-1,-1,Metro_West,DISTRICT,-1,-1,Detroit_Shoreway,DISTRICT,-1,-1,Old_Brooklyn,DISTRICT,-1,-1,Cudell,DISTRICT,-1,-1,Bellaire_Puritas,DISTRICT,-1,-1,Kamms_Corners,DISTRICT,-1,-1,Westown,DISTRICT,-1,-1;SIA "SIA" true true false 30 Text 0 0 ,First,#,Collinwood_Nottingham,SIA,-1,-1,St_Clair,SIA,-1,-1,Northeast_Shores,SIA,-1,-1,University_Circle,SIA,-1,-1,Little_Italy,SIA,-1,-1,Famicos,SIA,-1,-1,Hough,SIA,-1,-1,Fairfax_Renaissance,SIA,-1,-1,Burten_Bell_Carr,SIA,-1,-1,Mount_Pleasant,SIA,-1,-1,Shaker_Square_Area,SIA,-1,-1,BuckeyeArea,SIA,-1,-1,Harvard,SIA,-1,-1,Union_Miles,SIA,-1,-1,Slavic_Village,SIA,-1,-1,Historic_Gateway,SIA,-1,-1,Historic_Warehouse,SIA,-1,-1,Midtown,SIA,-1,-1,Campus_District,SIA,-1,-1,FlatsForward,SIA,-1,-1,Ohio_City,SIA,-1,-1,Tremont_West,SIA,-1,-1,Metro_West,SIA,-1,-1,Detroit_Shoreway,SIA,-1,-1,Old_Brooklyn,SIA,-1,-1,Cudell,SIA,-1,-1,Bellaire_Puritas,SIA,-1,-1,Kamms_Corners,SIA,-1,-1,Westown,SIA,-1,-1;PASSED "PASSED" true true false 100 Text 0 0 ,First,#,Collinwood_Nottingham,PASSED,-1,-1,St_Clair,PASSED,-1,-1,Northeast_Shores,PASSED,-1,-1,University_Circle,PASSED,-1,-1,Little_Italy,PASSED,-1,-1,Famicos,PASSED,-1,-1,Hough,PASSED,-1,-1,Fairfax_Renaissance,PASSED,-1,-1,Burten_Bell_Carr,PASSED,-1,-1,Mount_Pleasant,PASSED,-1,-1,Shaker_Square_Area,PASSED,-1,-1,BuckeyeArea,PASSED,-1,-1,Harvard,PASSED,-1,-1,Union_Miles,PASSED,-1,-1,Slavic_Village,PASSED,-1,-1,Historic_Gateway,PASSED,-1,-1,Historic_Warehouse,PASSED,-1,-1,Midtown,PASSED,-1,-1,Campus_District,PASSED,-1,-1,FlatsForward,PASSED,-1,-1,Ohio_City,PASSED,-1,-1,Tremont_West,PASSED,-1,-1,Metro_West,PASSED,-1,-1,Detroit_Shoreway,PASSED,-1,-1,Old_Brooklyn,PASSED,-1,-1,Cudell,PASSED,-1,-1,Bellaire_Puritas,PASSED,-1,-1,Kamms_Corners,PASSED,-1,-1,Westown,PASSED,-1,-1;COUNCILMEM "COUNCILMEM" true true false 30 Text 0 0 ,First,#,Collinwood_Nottingham,COUNCILMEM,-1,-1,St_Clair,COUNCILMEM,-1,-1,Northeast_Shores,COUNCILMEM,-1,-1,University_Circle,COUNCILMEM,-1,-1,Little_Italy,COUNCILMEM,-1,-1,Famicos,COUNCILMEM,-1,-1,Hough,COUNCILMEM,-1,-1,Fairfax_Renaissance,COUNCILMEM,-1,-1,Burten_Bell_Carr,COUNCILMEM,-1,-1,Mount_Pleasant,COUNCILMEM,-1,-1,Shaker_Square_Area,COUNCILMEM,-1,-1,BuckeyeArea,COUNCILMEM,-1,-1,Harvard,COUNCILMEM,-1,-1,Union_Miles,COUNCILMEM,-1,-1,Slavic_Village,COUNCILMEM,-1,-1,Historic_Gateway,COUNCILMEM,-1,-1,Historic_Warehouse,COUNCILMEM,-1,-1,Midtown,COUNCILMEM,-1,-1,Campus_District,COUNCILMEM,-1,-1,FlatsForward,COUNCILMEM,-1,-1,Ohio_City,COUNCILMEM,-1,-1,Tremont_West,COUNCILMEM,-1,-1,Metro_West,COUNCILMEM,-1,-1,Detroit_Shoreway,COUNCILMEM,-1,-1,Old_Brooklyn,COUNCILMEM,-1,-1,Cudell,COUNCILMEM,-1,-1,Bellaire_Puritas,COUNCILMEM,-1,-1,Kamms_Corners,COUNCILMEM,-1,-1,Westown,COUNCILMEM,-1,-1;WARD_2014 "WARD_2014" true true false 10 Long 0 10 ,First,#,Collinwood_Nottingham,WARD_2014,-1,-1,St_Clair,WARD_2014,-1,-1,Northeast_Shores,WARD_2014,-1,-1,University_Circle,WARD_2014,-1,-1,Little_Italy,WARD_2014,-1,-1,Famicos,WARD_2014,-1,-1,Hough,WARD_2014,-1,-1,Fairfax_Renaissance,WARD_2014,-1,-1,Burten_Bell_Carr,WARD_2014,-1,-1,Mount_Pleasant,WARD_2014,-1,-1,Shaker_Square_Area,WARD_2014,-1,-1,BuckeyeArea,WARD_2014,-1,-1,Harvard,WARD_2014,-1,-1,Union_Miles,WARD_2014,-1,-1,Slavic_Village,WARD_2014,-1,-1,Historic_Gateway,WARD_2014,-1,-1,Historic_Warehouse,WARD_2014,-1,-1,Midtown,WARD_2014,-1,-1,Campus_District,WARD_2014,-1,-1,FlatsForward,WARD_2014,-1,-1,Ohio_City,WARD_2014,-1,-1,Tremont_West,WARD_2014,-1,-1,Metro_West,WARD_2014,-1,-1,Detroit_Shoreway,WARD_2014,-1,-1,Old_Brooklyn,WARD_2014,-1,-1,Cudell,WARD_2014,-1,-1,Bellaire_Puritas,WARD_2014,-1,-1,Kamms_Corners,WARD_2014,-1,-1,Westown,WARD_2014,-1,-1;ID "ID" true true false 10 Long 0 10 ,First,#,Collinwood_Nottingham,ID,-1,-1,St_Clair,ID,-1,-1,Northeast_Shores,ID,-1,-1,University_Circle,ID,-1,-1,Little_Italy,ID,-1,-1,Famicos,ID,-1,-1,Hough,ID,-1,-1,Fairfax_Renaissance,ID,-1,-1,Burten_Bell_Carr,ID,-1,-1,Mount_Pleasant,ID,-1,-1,Shaker_Square_Area,ID,-1,-1,BuckeyeArea,ID,-1,-1,Harvard,ID,-1,-1,Union_Miles,ID,-1,-1,Slavic_Village,ID,-1,-1,Historic_Gateway,ID,-1,-1,Historic_Warehouse,ID,-1,-1,Midtown,ID,-1,-1,Campus_District,ID,-1,-1,FlatsForward,ID,-1,-1,Ohio_City,ID,-1,-1,Tremont_West,ID,-1,-1,Metro_West,ID,-1,-1,Detroit_Shoreway,ID,-1,-1,Old_Brooklyn,ID,-1,-1,Cudell,ID,-1,-1,Bellaire_Puritas,ID,-1,-1,Kamms_Corners,ID,-1,-1,Westown,ID,-1,-1;NAME "NAME" true true false 35 Text 0 0 ,First,#,Collinwood_Nottingham,NAME,-1,-1,St_Clair,NAME,-1,-1,Northeast_Shores,NAME,-1,-1,University_Circle,NAME,-1,-1,Little_Italy,NAME,-1,-1,Famicos,NAME,-1,-1,Hough,NAME,-1,-1,Fairfax_Renaissance,NAME,-1,-1,Burten_Bell_Carr,NAME,-1,-1,Mount_Pleasant,NAME,-1,-1,Shaker_Square_Area,NAME,-1,-1,BuckeyeArea,NAME,-1,-1,Harvard,NAME,-1,-1,Union_Miles,NAME,-1,-1,Slavic_Village,NAME,-1,-1,Historic_Gateway,NAME,-1,-1,Historic_Warehouse,NAME,-1,-1,Midtown,NAME,-1,-1,Campus_District,NAME,-1,-1,FlatsForward,NAME,-1,-1,Ohio_City,NAME,-1,-1,Tremont_West,NAME,-1,-1,Metro_West,NAME,-1,-1,Detroit_Shoreway,NAME,-1,-1,Old_Brooklyn,NAME,-1,-1,Cudell,NAME,-1,-1,Bellaire_Puritas,NAME,-1,-1,Kamms_Corners,NAME,-1,-1,Westown,NAME,-1,-1;ET_ID "ET_ID" true true false 10 Long 0 10 ,First,#,Collinwood_Nottingham,ET_ID,-1,-1,St_Clair,ET_ID,-1,-1,Northeast_Shores,ET_ID,-1,-1,University_Circle,ET_ID,-1,-1,Little_Italy,ET_ID,-1,-1,Famicos,ET_ID,-1,-1,Hough,ET_ID,-1,-1,Fairfax_Renaissance,ET_ID,-1,-1,Burten_Bell_Carr,ET_ID,-1,-1,Mount_Pleasant,ET_ID,-1,-1,Shaker_Square_Area,ET_ID,-1,-1,BuckeyeArea,ET_ID,-1,-1,Harvard,ET_ID,-1,-1,Union_Miles,ET_ID,-1,-1,Slavic_Village,ET_ID,-1,-1,Historic_Gateway,ET_ID,-1,-1,Historic_Warehouse,ET_ID,-1,-1,Midtown,ET_ID,-1,-1,Campus_District,ET_ID,-1,-1,FlatsForward,ET_ID,-1,-1,Ohio_City,ET_ID,-1,-1,Tremont_West,ET_ID,-1,-1,Metro_West,ET_ID,-1,-1,Detroit_Shoreway,ET_ID,-1,-1,Old_Brooklyn,ET_ID,-1,-1,Cudell,ET_ID,-1,-1,Bellaire_Puritas,ET_ID,-1,-1,Kamms_Corners,ET_ID,-1,-1,Westown,ET_ID,-1,-1;AREA "AREA" true true false 19 Double 0 0 ,First,#,Collinwood_Nottingham,AREA,-1,-1,St_Clair,AREA,-1,-1,Northeast_Shores,AREA,-1,-1,University_Circle,AREA,-1,-1,Little_Italy,AREA,-1,-1,Famicos,AREA,-1,-1,Hough,AREA,-1,-1,Fairfax_Renaissance,AREA,-1,-1,Burten_Bell_Carr,AREA,-1,-1,Mount_Pleasant,AREA,-1,-1,Shaker_Square_Area,AREA,-1,-1,BuckeyeArea,AREA,-1,-1,Harvard,AREA,-1,-1,Union_Miles,AREA,-1,-1,Slavic_Village,AREA,-1,-1,Historic_Gateway,AREA,-1,-1,Historic_Warehouse,AREA,-1,-1,Midtown,AREA,-1,-1,Campus_District,AREA,-1,-1,FlatsForward,AREA,-1,-1,Ohio_City,AREA,-1,-1,Tremont_West,AREA,-1,-1,Metro_West,AREA,-1,-1,Detroit_Shoreway,AREA,-1,-1,Old_Brooklyn,AREA,-1,-1,Cudell,AREA,-1,-1,Bellaire_Puritas,AREA,-1,-1,Kamms_Corners,AREA,-1,-1,Westown,AREA,-1,-1;PERIMETER "PERIMETER" true true false 19 Double 0 0 ,First,#,Collinwood_Nottingham,PERIMETER,-1,-1,St_Clair,PERIMETER,-1,-1,Northeast_Shores,PERIMETER,-1,-1,University_Circle,PERIMETER,-1,-1,Little_Italy,PERIMETER,-1,-1,Famicos,PERIMETER,-1,-1,Hough,PERIMETER,-1,-1,Fairfax_Renaissance,PERIMETER,-1,-1,Burten_Bell_Carr,PERIMETER,-1,-1,Mount_Pleasant,PERIMETER,-1,-1,Shaker_Square_Area,PERIMETER,-1,-1,BuckeyeArea,PERIMETER,-1,-1,Harvard,PERIMETER,-1,-1,Union_Miles,PERIMETER,-1,-1,Slavic_Village,PERIMETER,-1,-1,Historic_Gateway,PERIMETER,-1,-1,Historic_Warehouse,PERIMETER,-1,-1,Midtown,PERIMETER,-1,-1,Campus_District,PERIMETER,-1,-1,FlatsForward,PERIMETER,-1,-1,Ohio_City,PERIMETER,-1,-1,Tremont_West,PERIMETER,-1,-1,Metro_West,PERIMETER,-1,-1,Detroit_Shoreway,PERIMETER,-1,-1,Old_Brooklyn,PERIMETER,-1,-1,Cudell,PERIMETER,-1,-1,Bellaire_Puritas,PERIMETER,-1,-1,Kamms_Corners,PERIMETER,-1,-1,Westown,PERIMETER,-1,-1;CE_SPA90_ "CE_SPA90_" true true false 19 Double 0 0 ,First,#,Collinwood_Nottingham,CE_SPA90_,-1,-1,St_Clair,CE_SPA90_,-1,-1,Northeast_Shores,CE_SPA90_,-1,-1,University_Circle,CE_SPA90_,-1,-1,Little_Italy,CE_SPA90_,-1,-1,Famicos,CE_SPA90_,-1,-1,Hough,CE_SPA90_,-1,-1,Fairfax_Renaissance,CE_SPA90_,-1,-1,Burten_Bell_Carr,CE_SPA90_,-1,-1,Mount_Pleasant,CE_SPA90_,-1,-1,Shaker_Square_Area,CE_SPA90_,-1,-1,BuckeyeArea,CE_SPA90_,-1,-1,Harvard,CE_SPA90_,-1,-1,Union_Miles,CE_SPA90_,-1,-1,Slavic_Village,CE_SPA90_,-1,-1,Historic_Gateway,CE_SPA90_,-1,-1,Historic_Warehouse,CE_SPA90_,-1,-1,Midtown,CE_SPA90_,-1,-1,Campus_District,CE_SPA90_,-1,-1,FlatsForward,CE_SPA90_,-1,-1,Ohio_City,CE_SPA90_,-1,-1,Tremont_West,CE_SPA90_,-1,-1,Metro_West,CE_SPA90_,-1,-1,Detroit_Shoreway,CE_SPA90_,-1,-1,Old_Brooklyn,CE_SPA90_,-1,-1,Cudell,CE_SPA90_,-1,-1,Bellaire_Puritas,CE_SPA90_,-1,-1,Kamms_Corners,CE_SPA90_,-1,-1,Westown,CE_SPA90_,-1,-1;CE_SPA90_I "CE_SPA90_I" true true false 19 Double 0 0 ,First,#,Collinwood_Nottingham,CE_SPA90_I,-1,-1,St_Clair,CE_SPA90_I,-1,-1,Northeast_Shores,CE_SPA90_I,-1,-1,University_Circle,CE_SPA90_I,-1,-1,Little_Italy,CE_SPA90_I,-1,-1,Famicos,CE_SPA90_I,-1,-1,Hough,CE_SPA90_I,-1,-1,Fairfax_Renaissance,CE_SPA90_I,-1,-1,Burten_Bell_Carr,CE_SPA90_I,-1,-1,Mount_Pleasant,CE_SPA90_I,-1,-1,Shaker_Square_Area,CE_SPA90_I,-1,-1,BuckeyeArea,CE_SPA90_I,-1,-1,Harvard,CE_SPA90_I,-1,-1,Union_Miles,CE_SPA90_I,-1,-1,Slavic_Village,CE_SPA90_I,-1,-1,Historic_Gateway,CE_SPA90_I,-1,-1,Historic_Warehouse,CE_SPA90_I,-1,-1,Midtown,CE_SPA90_I,-1,-1,Campus_District,CE_SPA90_I,-1,-1,FlatsForward,CE_SPA90_I,-1,-1,Ohio_City,CE_SPA90_I,-1,-1,Tremont_West,CE_SPA90_I,-1,-1,Metro_West,CE_SPA90_I,-1,-1,Detroit_Shoreway,CE_SPA90_I,-1,-1,Old_Brooklyn,CE_SPA90_I,-1,-1,Cudell,CE_SPA90_I,-1,-1,Bellaire_Puritas,CE_SPA90_I,-1,-1,Kamms_Corners,CE_SPA90_I,-1,-1,Westown,CE_SPA90_I,-1,-1;SPA "SPA" true true false 2 Text 0 0 ,First,#,Collinwood_Nottingham,SPA,-1,-1,St_Clair,SPA,-1,-1,Northeast_Shores,SPA,-1,-1,University_Circle,SPA,-1,-1,Little_Italy,SPA,-1,-1,Famicos,SPA,-1,-1,Hough,SPA,-1,-1,Fairfax_Renaissance,SPA,-1,-1,Burten_Bell_Carr,SPA,-1,-1,Mount_Pleasant,SPA,-1,-1,Shaker_Square_Area,SPA,-1,-1,BuckeyeArea,SPA,-1,-1,Harvard,SPA,-1,-1,Union_Miles,SPA,-1,-1,Slavic_Village,SPA,-1,-1,Historic_Gateway,SPA,-1,-1,Historic_Warehouse,SPA,-1,-1,Midtown,SPA,-1,-1,Campus_District,SPA,-1,-1,FlatsForward,SPA,-1,-1,Ohio_City,SPA,-1,-1,Tremont_West,SPA,-1,-1,Metro_West,SPA,-1,-1,Detroit_Shoreway,SPA,-1,-1,Old_Brooklyn,SPA,-1,-1,Cudell,SPA,-1,-1,Bellaire_Puritas,SPA,-1,-1,Kamms_Corners,SPA,-1,-1,Westown,SPA,-1,-1;SPANM "SPANM" true true false 24 Text 0 0 ,First,#,Collinwood_Nottingham,SPANM,-1,-1,St_Clair,SPANM,-1,-1,Northeast_Shores,SPANM,-1,-1,University_Circle,SPANM,-1,-1,Little_Italy,SPANM,-1,-1,Famicos,SPANM,-1,-1,Hough,SPANM,-1,-1,Fairfax_Renaissance,SPANM,-1,-1,Burten_Bell_Carr,SPANM,-1,-1,Mount_Pleasant,SPANM,-1,-1,Shaker_Square_Area,SPANM,-1,-1,BuckeyeArea,SPANM,-1,-1,Harvard,SPANM,-1,-1,Union_Miles,SPANM,-1,-1,Slavic_Village,SPANM,-1,-1,Historic_Gateway,SPANM,-1,-1,Historic_Warehouse,SPANM,-1,-1,Midtown,SPANM,-1,-1,Campus_District,SPANM,-1,-1,FlatsForward,SPANM,-1,-1,Ohio_City,SPANM,-1,-1,Tremont_West,SPANM,-1,-1,Metro_West,SPANM,-1,-1,Detroit_Shoreway,SPANM,-1,-1,Old_Brooklyn,SPANM,-1,-1,Cudell,SPANM,-1,-1,Bellaire_Puritas,SPANM,-1,-1,Kamms_Corners,SPANM,-1,-1,Westown,SPANM,-1,-1;DIST "DIST" true true false 1 Text 0 0 ,First,#,Collinwood_Nottingham,DIST,-1,-1,St_Clair,DIST,-1,-1,Northeast_Shores,DIST,-1,-1,University_Circle,DIST,-1,-1,Little_Italy,DIST,-1,-1,Famicos,DIST,-1,-1,Hough,DIST,-1,-1,Fairfax_Renaissance,DIST,-1,-1,Burten_Bell_Carr,DIST,-1,-1,Mount_Pleasant,DIST,-1,-1,Shaker_Square_Area,DIST,-1,-1,BuckeyeArea,DIST,-1,-1,Harvard,DIST,-1,-1,Union_Miles,DIST,-1,-1,Slavic_Village,DIST,-1,-1,Historic_Gateway,DIST,-1,-1,Historic_Warehouse,DIST,-1,-1,Midtown,DIST,-1,-1,Campus_District,DIST,-1,-1,FlatsForward,DIST,-1,-1,Ohio_City,DIST,-1,-1,Tremont_West,DIST,-1,-1,Metro_West,DIST,-1,-1,Detroit_Shoreway,DIST,-1,-1,Old_Brooklyn,DIST,-1,-1,Cudell,DIST,-1,-1,Bellaire_Puritas,DIST,-1,-1,Kamms_Corners,DIST,-1,-1,Westown,DIST,-1,-1;INTERMED "INTERMED" true true false 19 Double 0 0 ,First,#,Collinwood_Nottingham,INTERMED,-1,-1,St_Clair,INTERMED,-1,-1,Northeast_Shores,INTERMED,-1,-1,University_Circle,INTERMED,-1,-1,Little_Italy,INTERMED,-1,-1,Famicos,INTERMED,-1,-1,Hough,INTERMED,-1,-1,Fairfax_Renaissance,INTERMED,-1,-1,Burten_Bell_Carr,INTERMED,-1,-1,Mount_Pleasant,INTERMED,-1,-1,Shaker_Square_Area,INTERMED,-1,-1,BuckeyeArea,INTERMED,-1,-1,Harvard,INTERMED,-1,-1,Union_Miles,INTERMED,-1,-1,Slavic_Village,INTERMED,-1,-1,Historic_Gateway,INTERMED,-1,-1,Historic_Warehouse,INTERMED,-1,-1,Midtown,INTERMED,-1,-1,Campus_District,INTERMED,-1,-1,FlatsForward,INTERMED,-1,-1,Ohio_City,INTERMED,-1,-1,Tremont_West,INTERMED,-1,-1,Metro_West,INTERMED,-1,-1,Detroit_Shoreway,INTERMED,-1,-1,Old_Brooklyn,INTERMED,-1,-1,Cudell,INTERMED,-1,-1,Bellaire_Puritas,INTERMED,-1,-1,Kamms_Corners,INTERMED,-1,-1,Westown,INTERMED,-1,-1;SQ_MILES "SQ_MILES" true true false 19 Double 0 0 ,First,#,Collinwood_Nottingham,SQ_MILES,-1,-1,St_Clair,SQ_MILES,-1,-1,Northeast_Shores,SQ_MILES,-1,-1,University_Circle,SQ_MILES,-1,-1,Little_Italy,SQ_MILES,-1,-1,Famicos,SQ_MILES,-1,-1,Hough,SQ_MILES,-1,-1,Fairfax_Renaissance,SQ_MILES,-1,-1,Burten_Bell_Carr,SQ_MILES,-1,-1,Mount_Pleasant,SQ_MILES,-1,-1,Shaker_Square_Area,SQ_MILES,-1,-1,BuckeyeArea,SQ_MILES,-1,-1,Harvard,SQ_MILES,-1,-1,Union_Miles,SQ_MILES,-1,-1,Slavic_Village,SQ_MILES,-1,-1,Historic_Gateway,SQ_MILES,-1,-1,Historic_Warehouse,SQ_MILES,-1,-1,Midtown,SQ_MILES,-1,-1,Campus_District,SQ_MILES,-1,-1,FlatsForward,SQ_MILES,-1,-1,Ohio_City,SQ_MILES,-1,-1,Tremont_West,SQ_MILES,-1,-1,Metro_West,SQ_MILES,-1,-1,Detroit_Shoreway,SQ_MILES,-1,-1,Old_Brooklyn,SQ_MILES,-1,-1,Cudell,SQ_MILES,-1,-1,Bellaire_Puritas,SQ_MILES,-1,-1,Kamms_Corners,SQ_MILES,-1,-1,Westown,SQ_MILES,-1,-1;CDMODELBLK "CDMODELBLK" true true false 15 Text 0 0 ,First,#,Collinwood_Nottingham,CDMODELBLK,-1,-1,St_Clair,CDMODELBLK,-1,-1,Northeast_Shores,CDMODELBLK,-1,-1,University_Circle,CDMODELBLK,-1,-1,Little_Italy,CDMODELBLK,-1,-1,Famicos,CDMODELBLK,-1,-1,Hough,CDMODELBLK,-1,-1,Fairfax_Renaissance,CDMODELBLK,-1,-1,Burten_Bell_Carr,CDMODELBLK,-1,-1,Mount_Pleasant,CDMODELBLK,-1,-1,Shaker_Square_Area,CDMODELBLK,-1,-1,BuckeyeArea,CDMODELBLK,-1,-1,Harvard,CDMODELBLK,-1,-1,Union_Miles,CDMODELBLK,-1,-1,Slavic_Village,CDMODELBLK,-1,-1,Historic_Gateway,CDMODELBLK,-1,-1,Historic_Warehouse,CDMODELBLK,-1,-1,Midtown,CDMODELBLK,-1,-1,Campus_District,CDMODELBLK,-1,-1,FlatsForward,CDMODELBLK,-1,-1,Ohio_City,CDMODELBLK,-1,-1,Tremont_West,CDMODELBLK,-1,-1,Metro_West,CDMODELBLK,-1,-1,Detroit_Shoreway,CDMODELBLK,-1,-1,Old_Brooklyn,CDMODELBLK,-1,-1,Cudell,CDMODELBLK,-1,-1,Bellaire_Puritas,CDMODELBLK,-1,-1,Kamms_Corners,CDMODELBLK,-1,-1,Westown,CDMODELBLK,-1,-1;LB_HOLD "LB_HOLD" true true false 20 Text 0 0 ,First,#,Collinwood_Nottingham,LB_HOLD,-1,-1,St_Clair,LB_HOLD,-1,-1,Northeast_Shores,LB_HOLD,-1,-1,University_Circle,LB_HOLD,-1,-1,Little_Italy,LB_HOLD,-1,-1,Famicos,LB_HOLD,-1,-1,Hough,LB_HOLD,-1,-1,Fairfax_Renaissance,LB_HOLD,-1,-1,Burten_Bell_Carr,LB_HOLD,-1,-1,Mount_Pleasant,LB_HOLD,-1,-1,Shaker_Square_Area,LB_HOLD,-1,-1,BuckeyeArea,LB_HOLD,-1,-1,Harvard,LB_HOLD,-1,-1,Union_Miles,LB_HOLD,-1,-1,Slavic_Village,LB_HOLD,-1,-1,Historic_Gateway,LB_HOLD,-1,-1,Historic_Warehouse,LB_HOLD,-1,-1,Midtown,LB_HOLD,-1,-1,Campus_District,LB_HOLD,-1,-1,FlatsForward,LB_HOLD,-1,-1,Ohio_City,LB_HOLD,-1,-1,Tremont_West,LB_HOLD,-1,-1,Metro_West,LB_HOLD,-1,-1,Detroit_Shoreway,LB_HOLD,-1,-1,Old_Brooklyn,LB_HOLD,-1,-1,Cudell,LB_HOLD,-1,-1,Bellaire_Puritas,LB_HOLD,-1,-1,Kamms_Corners,LB_HOLD,-1,-1,Westown,LB_HOLD,-1,-1;MB_HTF "MB_HTF" true true false 25 Text 0 0 ,First,#,Collinwood_Nottingham,MB_HTF,-1,-1,St_Clair,MB_HTF,-1,-1,Northeast_Shores,MB_HTF,-1,-1,University_Circle,MB_HTF,-1,-1,Little_Italy,MB_HTF,-1,-1,Famicos,MB_HTF,-1,-1,Hough,MB_HTF,-1,-1,Fairfax_Renaissance,MB_HTF,-1,-1,Burten_Bell_Carr,MB_HTF,-1,-1,Mount_Pleasant,MB_HTF,-1,-1,Shaker_Square_Area,MB_HTF,-1,-1,BuckeyeArea,MB_HTF,-1,-1,Harvard,MB_HTF,-1,-1,Union_Miles,MB_HTF,-1,-1,Slavic_Village,MB_HTF,-1,-1,Historic_Gateway,MB_HTF,-1,-1,Historic_Warehouse,MB_HTF,-1,-1,Midtown,MB_HTF,-1,-1,Campus_District,MB_HTF,-1,-1,FlatsForward,MB_HTF,-1,-1,Ohio_City,MB_HTF,-1,-1,Tremont_West,MB_HTF,-1,-1,Metro_West,MB_HTF,-1,-1,Detroit_Shoreway,MB_HTF,-1,-1,Old_Brooklyn,MB_HTF,-1,-1,Cudell,MB_HTF,-1,-1,Bellaire_Puritas,MB_HTF,-1,-1,Kamms_Corners,MB_HTF,-1,-1,Westown,MB_HTF,-1,-1;NPI_SII "NPI_SII" true true false 20 Text 0 0 ,First,#,Collinwood_Nottingham,NPI_SII,-1,-1,St_Clair,NPI_SII,-1,-1,Northeast_Shores,NPI_SII,-1,-1,University_Circle,NPI_SII,-1,-1,Little_Italy,NPI_SII,-1,-1,Famicos,NPI_SII,-1,-1,Hough,NPI_SII,-1,-1,Fairfax_Renaissance,NPI_SII,-1,-1,Burten_Bell_Carr,NPI_SII,-1,-1,Mount_Pleasant,NPI_SII,-1,-1,Shaker_Square_Area,NPI_SII,-1,-1,BuckeyeArea,NPI_SII,-1,-1,Harvard,NPI_SII,-1,-1,Union_Miles,NPI_SII,-1,-1,Slavic_Village,NPI_SII,-1,-1,Historic_Gateway,NPI_SII,-1,-1,Historic_Warehouse,NPI_SII,-1,-1,Midtown,NPI_SII,-1,-1,Campus_District,NPI_SII,-1,-1,FlatsForward,NPI_SII,-1,-1,Ohio_City,NPI_SII,-1,-1,Tremont_West,NPI_SII,-1,-1,Metro_West,NPI_SII,-1,-1,Detroit_Shoreway,NPI_SII,-1,-1,Old_Brooklyn,NPI_SII,-1,-1,Cudell,NPI_SII,-1,-1,Bellaire_Puritas,NPI_SII,-1,-1,Kamms_Corners,NPI_SII,-1,-1,Westown,NPI_SII,-1,-1;TYPOLOGY "TYPOLOGY" true true false 50 Text 0 0 ,First,#,Collinwood_Nottingham,TYPOLOGY,-1,-1,St_Clair,TYPOLOGY,-1,-1,Northeast_Shores,TYPOLOGY,-1,-1,University_Circle,TYPOLOGY,-1,-1,Little_Italy,TYPOLOGY,-1,-1,Famicos,TYPOLOGY,-1,-1,Hough,TYPOLOGY,-1,-1,Fairfax_Renaissance,TYPOLOGY,-1,-1,Burten_Bell_Carr,TYPOLOGY,-1,-1,Mount_Pleasant,TYPOLOGY,-1,-1,Shaker_Square_Area,TYPOLOGY,-1,-1,BuckeyeArea,TYPOLOGY,-1,-1,Harvard,TYPOLOGY,-1,-1,Union_Miles,TYPOLOGY,-1,-1,Slavic_Village,TYPOLOGY,-1,-1,Historic_Gateway,TYPOLOGY,-1,-1,Historic_Warehouse,TYPOLOGY,-1,-1,Midtown,TYPOLOGY,-1,-1,Campus_District,TYPOLOGY,-1,-1,FlatsForward,TYPOLOGY,-1,-1,Ohio_City,TYPOLOGY,-1,-1,Tremont_West,TYPOLOGY,-1,-1,Metro_West,TYPOLOGY,-1,-1,Detroit_Shoreway,TYPOLOGY,-1,-1,Old_Brooklyn,TYPOLOGY,-1,-1,Cudell,TYPOLOGY,-1,-1,Bellaire_Puritas,TYPOLOGY,-1,-1,Kamms_Corners,TYPOLOGY,-1,-1,Westown,TYPOLOGY,-1,-1;ACRE "ACRE" true true false 19 Double 0 0 ,First,#,Collinwood_Nottingham,ACRE,-1,-1,St_Clair,ACRE,-1,-1,Northeast_Shores,ACRE,-1,-1,University_Circle,ACRE,-1,-1,Little_Italy,ACRE,-1,-1,Famicos,ACRE,-1,-1,Hough,ACRE,-1,-1,Fairfax_Renaissance,ACRE,-1,-1,Burten_Bell_Carr,ACRE,-1,-1,Mount_Pleasant,ACRE,-1,-1,Shaker_Square_Area,ACRE,-1,-1,BuckeyeArea,ACRE,-1,-1,Harvard,ACRE,-1,-1,Union_Miles,ACRE,-1,-1,Slavic_Village,ACRE,-1,-1,Historic_Gateway,ACRE,-1,-1,Historic_Warehouse,ACRE,-1,-1,Midtown,ACRE,-1,-1,Campus_District,ACRE,-1,-1,FlatsForward,ACRE,-1,-1,Ohio_City,ACRE,-1,-1,Tremont_West,ACRE,-1,-1,Metro_West,ACRE,-1,-1,Detroit_Shoreway,ACRE,-1,-1,Old_Brooklyn,ACRE,-1,-1,Cudell,ACRE,-1,-1,Bellaire_Puritas,ACRE,-1,-1,Kamms_Corners,ACRE,-1,-1,Westown,ACRE,-1,-1"</Process><Process ToolSource="c:\program files (x86)\arcgis\desktop10.5\ArcToolbox\Toolboxes\Data Management Tools.tbx\Merge" Date="20170330" Time="144745">Merge 'CDC Service Areas (2017)';'Downtown Cleveland Alliance' "T:\CDC Advancement\Nina GIS\2017 CDC Service Areas\2017_CDC_Service_Areas2.shp" "CDC_ "CDC_" true true false 19 Double 0 0 ,First,#,CDC Service Areas (2017),CDC_,-1,-1;CDC_ID "CDC_ID" true true false 19 Double 0 0 ,First,#,CDC Service Areas (2017),CDC_ID,-1,-1;CDC "CDC" true true false 60 Text 0 0 ,First,#,CDC Service Areas (2017),CDC,-1,-1;NOTE "NOTE" true true false 30 Text 0 0 ,First,#,CDC Service Areas (2017),NOTE,-1,-1;ACRES "ACRES" true true false 19 Double 0 0 ,First,#,CDC Service Areas (2017),ACRES,-1,-1;WARD "WARD" true true false 5 Text 0 0 ,First,#,CDC Service Areas (2017),WARD,-1,-1;BLOCKGR "BLOCKGR" true true false 47 Text 0 0 ,First,#,CDC Service Areas (2017),BLOCKGR,-1,-1;TRACT "TRACT" true true false 19 Double 0 0 ,First,#,CDC Service Areas (2017),TRACT,-1,-1;CNTYNME "CNTYNME" true true false 15 Text 0 0 ,First,#,CDC Service Areas (2017),CNTYNME,-1,-1;MCDNME "MCDNME" true true false 40 Text 0 0 ,First,#,CDC Service Areas (2017),MCDNME,-1,-1;PLACENME "PLACENME" true true false 40 Text 0 0 ,First,#,CDC Service Areas (2017),PLACENME,-1,-1;NEIGHBOR "NEIGHBOR" true true false 40 Text 0 0 ,First,#,CDC Service Areas (2017),NEIGHBOR,-1,-1;GEONEI "GEONEI" true true false 22 Text 0 0 ,First,#,CDC Service Areas (2017),GEONEI,-1,-1;GEONAME "GEONAME" true true false 26 Text 0 0 ,First,#,CDC Service Areas (2017),GEONAME,-1,-1;BLK_KEY "BLK_KEY" true true false 15 Text 0 0 ,First,#,CDC Service Areas (2017),BLK_KEY,-1,-1;AREA_MI "AREA_MI" true true false 19 Double 0 0 ,First,#,CDC Service Areas (2017),AREA_MI,-1,-1;CENT_LAT "CENT_LAT" true true false 19 Double 0 0 ,First,#,CDC Service Areas (2017),CENT_LAT,-1,-1;CENT_LON "CENT_LON" true true false 19 Double 0 0 ,First,#,CDC Service Areas (2017),CENT_LON,-1,-1;OID_ "OID_" true true false 10 Long 0 10 ,First,#,CDC Service Areas (2017),OID_,-1,-1;STFID00 "STFID00" true true false 15 Text 0 0 ,First,#,CDC Service Areas (2017),STFID00,-1,-1;BLOCK "BLOCK" true true false 47 Text 0 0 ,First,#,CDC Service Areas (2017),BLOCK,-1,-1;STFID00_BG "STFID00_BG" true true false 15 Text 0 0 ,First,#,CDC Service Areas (2017),STFID00_BG,-1,-1;DISTRICT "DISTRICT" true true false 5 Text 0 0 ,First,#,CDC Service Areas (2017),DISTRICT,-1,-1;SIA "SIA" true true false 30 Text 0 0 ,First,#,CDC Service Areas (2017),SIA,-1,-1;PASSED "PASSED" true true false 100 Text 0 0 ,First,#,CDC Service Areas (2017),PASSED,-1,-1;COUNCILMEM "COUNCILMEM" true true false 30 Text 0 0 ,First,#,CDC Service Areas (2017),COUNCILMEM,-1,-1;WARD_2014 "WARD_2014" true true false 10 Long 0 10 ,First,#,CDC Service Areas (2017),WARD_2014,-1,-1;ID "ID" true true false 10 Long 0 10 ,First,#,CDC Service Areas (2017),ID,-1,-1,Downtown Cleveland Alliance,Id,-1,-1;NAME "NAME" true true false 35 Text 0 0 ,First,#,CDC Service Areas (2017),NAME,-1,-1;ET_ID "ET_ID" true true false 10 Long 0 10 ,First,#,CDC Service Areas (2017),ET_ID,-1,-1;AREA "AREA" true true false 19 Double 0 0 ,First,#,CDC Service Areas (2017),AREA,-1,-1;PERIMETER "PERIMETER" true true false 19 Double 0 0 ,First,#,CDC Service Areas (2017),PERIMETER,-1,-1;CE_SPA90_ "CE_SPA90_" true true false 19 Double 0 0 ,First,#,CDC Service Areas (2017),CE_SPA90_,-1,-1;CE_SPA90_I "CE_SPA90_I" true true false 19 Double 0 0 ,First,#,CDC Service Areas (2017),CE_SPA90_I,-1,-1;SPA "SPA" true true false 2 Text 0 0 ,First,#,CDC Service Areas (2017),SPA,-1,-1;SPANM "SPANM" true true false 24 Text 0 0 ,First,#,CDC Service Areas (2017),SPANM,-1,-1;DIST "DIST" true true false 1 Text 0 0 ,First,#,CDC Service Areas (2017),DIST,-1,-1;INTERMED "INTERMED" true true false 19 Double 0 0 ,First,#,CDC Service Areas (2017),INTERMED,-1,-1;SQ_MILES "SQ_MILES" true true false 19 Double 0 0 ,First,#,CDC Service Areas (2017),SQ_MILES,-1,-1;CDMODELBLK "CDMODELBLK" true true false 15 Text 0 0 ,First,#,CDC Service Areas (2017),CDMODELBLK,-1,-1;LB_HOLD "LB_HOLD" true true false 20 Text 0 0 ,First,#,CDC Service Areas (2017),LB_HOLD,-1,-1;MB_HTF "MB_HTF" true true false 25 Text 0 0 ,First,#,CDC Service Areas (2017),MB_HTF,-1,-1;NPI_SII "NPI_SII" true true false 20 Text 0 0 ,First,#,CDC Service Areas (2017),NPI_SII,-1,-1;TYPOLOGY "TYPOLOGY" true true false 50 Text 0 0 ,First,#,CDC Service Areas (2017),TYPOLOGY,-1,-1;ACRE "ACRE" true true false 19 Double 0 0 ,First,#,CDC Service Areas (2017),ACRE,-1,-1"</Process></lineage></DataProperties><SyncDate>20170330</SyncDate><SyncTime>14473800</SyncTime><ModDate>20170330</ModDate><ModTime>14473800</ModTime></Esri><dataIdInfo><envirDesc Sync="TRUE"> Version 6.2 (Build 9200) ; Esri ArcGIS 10.5.0.6491</envirDesc><dataLang><languageCode value="eng" Sync="TRUE"></languageCode><countryCode value="USA" Sync="TRUE"></countryCode></dataLang><idCitation><resTitle Sync="TRUE">2017_CDC_Service_Areas2</resTitle><presForm><PresFormCd value="005" Sync="TRUE"></PresFormCd></presForm></idCitation><spatRpType><SpatRepTypCd value="001" Sync="TRUE"></SpatRepTypCd></spatRpType></dataIdInfo><mdLang><languageCode value="eng" Sync="TRUE"></languageCode><countryCode value="USA" Sync="TRUE"></countryCode></mdLang><mdChar><CharSetCd value="004" Sync="TRUE"></CharSetCd></mdChar><distInfo><distFormat><formatName Sync="TRUE">Shapefile</formatName></distFormat><distTranOps><transSize Sync="TRUE">0.000</transSize></distTranOps></distInfo><mdHrLv><ScopeCd value="005" Sync="TRUE"></ScopeCd></mdHrLv><mdHrLvName Sync="TRUE">dataset</mdHrLvName><refSysInfo><RefSystem><refSysID><identCode code="4269" Sync="TRUE"></identCode><idCodeSpace Sync="TRUE">EPSG</idCodeSpace><idVersion Sync="TRUE">6.12(3.0.1)</idVersion></refSysID></RefSystem></refSysInfo><spatRepInfo><VectSpatRep><geometObjs Name="2017_CDC_Service_Areas2"><geoObjTyp><GeoObjTypCd value="002" Sync="TRUE"></GeoObjTypCd></geoObjTyp><geoObjCnt Sync="TRUE">0</geoObjCnt></geometObjs><topLvl><TopoLevCd value="001" Sync="TRUE"></TopoLevCd></topLvl></VectSpatRep></spatRepInfo><spdoinfo><ptvctinf><esriterm Name="2017_CDC_Service_Areas2"><efeatyp Sync="TRUE">Simple</efeatyp><efeageom code="4" Sync="TRUE"></efeageom><esritopo Sync="TRUE">FALSE</esritopo><efeacnt Sync="TRUE">0</efeacnt><spindex Sync="TRUE">FALSE</spindex><linrefer Sync="TRUE">FALSE</linrefer></esriterm></ptvctinf></spdoinfo><eainfo><detailed Name="2017_CDC_Service_Areas2"><enttyp><enttypl Sync="TRUE">2017_CDC_Service_Areas2</enttypl><enttypt Sync="TRUE">Feature Class</enttypt><enttypc Sync="TRUE">0</enttypc></enttyp><attr><attrlabl Sync="TRUE">FID</attrlabl><attalias Sync="TRUE">FID</attalias><attrtype Sync="TRUE">OID</attrtype><attwidth Sync="TRUE">4</attwidth><atprecis Sync="TRUE">0</atprecis><attscale Sync="TRUE">0</attscale><attrdef Sync="TRUE">Internal feature number.</attrdef><attrdefs Sync="TRUE">Esri</attrdefs><attrdomv><udom Sync="TRUE">Sequential unique whole numbers that are automatically generated.</udom></attrdomv></attr><attr><attrlabl Sync="TRUE">Shape</attrlabl><attalias Sync="TRUE">Shape</attalias><attrtype Sync="TRUE">Geometry</attrtype><attwidth Sync="TRUE">0</attwidth><atprecis Sync="TRUE">0</atprecis><attscale Sync="TRUE">0</attscale><attrdef Sync="TRUE">Feature geometry.</attrdef><attrdefs Sync="TRUE">Esri</attrdefs><attrdomv><udom Sync="TRUE">Coordinates defining the features.</udom></attrdomv></attr><attr><attrlabl Sync="TRUE">CDC_</attrlabl><attalias Sync="TRUE">CDC_</attalias><attrtype Sync="TRUE">Double</attrtype><attwidth Sync="TRUE">19</attwidth><atprecis Sync="TRUE">0</atprecis><attscale Sync="TRUE">0</attscale></attr><attr><attrlabl Sync="TRUE">CDC_ID</attrlabl><attalias Sync="TRUE">CDC_ID</attalias><attrtype Sync="TRUE">Double</attrtype><attwidth Sync="TRUE">19</attwidth><atprecis Sync="TRUE">0</atprecis><attscale Sync="TRUE">0</attscale></attr><attr><attrlabl Sync="TRUE">CDC</attrlabl><attalias Sync="TRUE">CDC</attalias><attrtype Sync="TRUE">String</attrtype><attwidth Sync="TRUE">60</attwidth><atprecis Sync="TRUE">0</atprecis><attscale Sync="TRUE">0</attscale></attr><attr><attrlabl Sync="TRUE">NOTE</attrlabl><attalias Sync="TRUE">NOTE</attalias><attrtype Sync="TRUE">String</attrtype><attwidth Sync="TRUE">30</attwidth><atprecis Sync="TRUE">0</atprecis><attscale Sync="TRUE">0</attscale></attr><attr><attrlabl Sync="TRUE">ACRES</attrlabl><attalias Sync="TRUE">ACRES</attalias><attrtype Sync="TRUE">Double</attrtype><attwidth Sync="TRUE">19</attwidth><atprecis Sync="TRUE">0</atprecis><attscale Sync="TRUE">0</attscale></attr><attr><attrlabl Sync="TRUE">WARD</attrlabl><attalias Sync="TRUE">WARD</attalias><attrtype Sync="TRUE">String</attrtype><attwidth Sync="TRUE">5</attwidth><atprecis Sync="TRUE">0</atprecis><attscale Sync="TRUE">0</attscale></attr><attr><attrlabl Sync="TRUE">BLOCKGR</attrlabl><attalias Sync="TRUE">BLOCKGR</attalias><attrtype Sync="TRUE">String</attrtype><attwidth Sync="TRUE">47</attwidth><atprecis Sync="TRUE">0</atprecis><attscale Sync="TRUE">0</attscale></attr><attr><attrlabl Sync="TRUE">TRACT</attrlabl><attalias Sync="TRUE">TRACT</attalias><attrtype Sync="TRUE">Double</attrtype><attwidth Sync="TRUE">19</attwidth><atprecis Sync="TRUE">0</atprecis><attscale Sync="TRUE">0</attscale></attr><attr><attrlabl Sync="TRUE">CNTYNME</attrlabl><attalias Sync="TRUE">CNTYNME</attalias><attrtype Sync="TRUE">String</attrtype><attwidth Sync="TRUE">15</attwidth><atprecis Sync="TRUE">0</atprecis><attscale Sync="TRUE">0</attscale></attr><attr><attrlabl Sync="TRUE">MCDNME</attrlabl><attalias Sync="TRUE">MCDNME</attalias><attrtype Sync="TRUE">String</attrtype><attwidth Sync="TRUE">40</attwidth><atprecis Sync="TRUE">0</atprecis><attscale Sync="TRUE">0</attscale></attr><attr><attrlabl Sync="TRUE">PLACENME</attrlabl><attalias Sync="TRUE">PLACENME</attalias><attrtype Sync="TRUE">String</attrtype><attwidth Sync="TRUE">40</attwidth><atprecis Sync="TRUE">0</atprecis><attscale Sync="TRUE">0</attscale></attr><attr><attrlabl Sync="TRUE">NEIGHBOR</attrlabl><attalias Sync="TRUE">NEIGHBOR</attalias><attrtype Sync="TRUE">String</attrtype><attwidth Sync="TRUE">40</attwidth><atprecis Sync="TRUE">0</atprecis><attscale Sync="TRUE">0</attscale></attr><attr><attrlabl Sync="TRUE">GEONEI</attrlabl><attalias Sync="TRUE">GEONEI</attalias><attrtype Sync="TRUE">String</attrtype><attwidth Sync="TRUE">22</attwidth><atprecis Sync="TRUE">0</atprecis><attscale Sync="TRUE">0</attscale></attr><attr><attrlabl Sync="TRUE">GEONAME</attrlabl><attalias Sync="TRUE">GEONAME</attalias><attrtype Sync="TRUE">String</attrtype><attwidth Sync="TRUE">26</attwidth><atprecis Sync="TRUE">0</atprecis><attscale Sync="TRUE">0</attscale></attr><attr><attrlabl Sync="TRUE">BLK_KEY</attrlabl><attalias Sync="TRUE">BLK_KEY</attalias><attrtype Sync="TRUE">String</attrtype><attwidth Sync="TRUE">15</attwidth><atprecis Sync="TRUE">0</atprecis><attscale Sync="TRUE">0</attscale></attr><attr><attrlabl Sync="TRUE">AREA_MI</attrlabl><attalias Sync="TRUE">AREA_MI</attalias><attrtype Sync="TRUE">Double</attrtype><attwidth Sync="TRUE">19</attwidth><atprecis Sync="TRUE">0</atprecis><attscale Sync="TRUE">0</attscale></attr><attr><attrlabl Sync="TRUE">CENT_LAT</attrlabl><attalias Sync="TRUE">CENT_LAT</attalias><attrtype Sync="TRUE">Double</attrtype><attwidth Sync="TRUE">19</attwidth><atprecis Sync="TRUE">0</atprecis><attscale Sync="TRUE">0</attscale></attr><attr><attrlabl Sync="TRUE">CENT_LON</attrlabl><attalias Sync="TRUE">CENT_LON</attalias><attrtype Sync="TRUE">Double</attrtype><attwidth Sync="TRUE">19</attwidth><atprecis Sync="TRUE">0</atprecis><attscale Sync="TRUE">0</attscale></attr><attr><attrlabl Sync="TRUE">OID_</attrlabl><attalias Sync="TRUE">OID_</attalias><attrtype Sync="TRUE">Integer</attrtype><attwidth Sync="TRUE">10</attwidth><atprecis Sync="TRUE">10</atprecis><attscale Sync="TRUE">0</attscale></attr><attr><attrlabl Sync="TRUE">STFID00</attrlabl><attalias Sync="TRUE">STFID00</attalias><attrtype Sync="TRUE">String</attrtype><attwidth Sync="TRUE">15</attwidth><atprecis Sync="TRUE">0</atprecis><attscale Sync="TRUE">0</attscale></attr><attr><attrlabl Sync="TRUE">BLOCK</attrlabl><attalias Sync="TRUE">BLOCK</attalias><attrtype Sync="TRUE">String</attrtype><attwidth Sync="TRUE">47</attwidth><atprecis Sync="TRUE">0</atprecis><attscale Sync="TRUE">0</attscale></attr><attr><attrlabl Sync="TRUE">STFID00_BG</attrlabl><attalias Sync="TRUE">STFID00_BG</attalias><attrtype Sync="TRUE">String</attrtype><attwidth Sync="TRUE">15</attwidth><atprecis Sync="TRUE">0</atprecis><attscale Sync="TRUE">0</attscale></attr><attr><attrlabl Sync="TRUE">DISTRICT</attrlabl><attalias Sync="TRUE">DISTRICT</attalias><attrtype Sync="TRUE">String</attrtype><attwidth Sync="TRUE">5</attwidth><atprecis Sync="TRUE">0</atprecis><attscale Sync="TRUE">0</attscale></attr><attr><attrlabl Sync="TRUE">SIA</attrlabl><attalias Sync="TRUE">SIA</attalias><attrtype Sync="TRUE">String</attrtype><attwidth Sync="TRUE">30</attwidth><atprecis Sync="TRUE">0</atprecis><attscale Sync="TRUE">0</attscale></attr><attr><attrlabl Sync="TRUE">PASSED</attrlabl><attalias Sync="TRUE">PASSED</attalias><attrtype Sync="TRUE">String</attrtype><attwidth Sync="TRUE">100</attwidth><atprecis Sync="TRUE">0</atprecis><attscale Sync="TRUE">0</attscale></attr><attr><attrlabl Sync="TRUE">COUNCILMEM</attrlabl><attalias Sync="TRUE">COUNCILMEM</attalias><attrtype Sync="TRUE">String</attrtype><attwidth Sync="TRUE">30</attwidth><atprecis Sync="TRUE">0</atprecis><attscale Sync="TRUE">0</attscale></attr><attr><attrlabl Sync="TRUE">WARD_2014</attrlabl><attalias Sync="TRUE">WARD_2014</attalias><attrtype Sync="TRUE">Integer</attrtype><attwidth Sync="TRUE">10</attwidth><atprecis Sync="TRUE">10</atprecis><attscale Sync="TRUE">0</attscale></attr><attr><attrlabl Sync="TRUE">ID</attrlabl><attalias Sync="TRUE">ID</attalias><attrtype Sync="TRUE">Integer</attrtype><attwidth Sync="TRUE">10</attwidth><atprecis Sync="TRUE">10</atprecis><attscale Sync="TRUE">0</attscale></attr><attr><attrlabl Sync="TRUE">NAME</attrlabl><attalias Sync="TRUE">NAME</attalias><attrtype Sync="TRUE">String</attrtype><attwidth Sync="TRUE">35</attwidth><atprecis Sync="TRUE">0</atprecis><attscale Sync="TRUE">0</attscale></attr><attr><attrlabl Sync="TRUE">ET_ID</attrlabl><attalias Sync="TRUE">ET_ID</attalias><attrtype Sync="TRUE">Integer</attrtype><attwidth Sync="TRUE">10</attwidth><atprecis Sync="TRUE">10</atprecis><attscale Sync="TRUE">0</attscale></attr><attr><attrlabl Sync="TRUE">AREA</attrlabl><attalias Sync="TRUE">AREA</attalias><attrtype Sync="TRUE">Double</attrtype><attwidth Sync="TRUE">19</attwidth><atprecis Sync="TRUE">0</atprecis><attscale Sync="TRUE">0</attscale></attr><attr><attrlabl Sync="TRUE">PERIMETER</attrlabl><attalias Sync="TRUE">PERIMETER</attalias><attrtype Sync="TRUE">Double</attrtype><attwidth Sync="TRUE">19</attwidth><atprecis Sync="TRUE">0</atprecis><attscale Sync="TRUE">0</attscale></attr><attr><attrlabl Sync="TRUE">CE_SPA90_</attrlabl><attalias Sync="TRUE">CE_SPA90_</attalias><attrtype Sync="TRUE">Double</attrtype><attwidth Sync="TRUE">19</attwidth><atprecis Sync="TRUE">0</atprecis><attscale Sync="TRUE">0</attscale></attr><attr><attrlabl Sync="TRUE">CE_SPA90_I</attrlabl><attalias Sync="TRUE">CE_SPA90_I</attalias><attrtype Sync="TRUE">Double</attrtype><attwidth Sync="TRUE">19</attwidth><atprecis Sync="TRUE">0</atprecis><attscale Sync="TRUE">0</attscale></attr><attr><attrlabl Sync="TRUE">SPA</attrlabl><attalias Sync="TRUE">SPA</attalias><attrtype Sync="TRUE">String</attrtype><attwidth Sync="TRUE">2</attwidth><atprecis Sync="TRUE">0</atprecis><attscale Sync="TRUE">0</attscale></attr><attr><attrlabl Sync="TRUE">SPANM</attrlabl><attalias Sync="TRUE">SPANM</attalias><attrtype Sync="TRUE">String</attrtype><attwidth Sync="TRUE">24</attwidth><atprecis Sync="TRUE">0</atprecis><attscale Sync="TRUE">0</attscale></attr><attr><attrlabl Sync="TRUE">DIST</attrlabl><attalias Sync="TRUE">DIST</attalias><attrtype Sync="TRUE">String</attrtype><attwidth Sync="TRUE">1</attwidth><atprecis Sync="TRUE">0</atprecis><attscale Sync="TRUE">0</attscale></attr><attr><attrlabl Sync="TRUE">INTERMED</attrlabl><attalias Sync="TRUE">INTERMED</attalias><attrtype Sync="TRUE">Double</attrtype><attwidth Sync="TRUE">19</attwidth><atprecis Sync="TRUE">0</atprecis><attscale Sync="TRUE">0</attscale></attr><attr><attrlabl Sync="TRUE">SQ_MILES</attrlabl><attalias Sync="TRUE">SQ_MILES</attalias><attrtype Sync="TRUE">Double</attrtype><attwidth Sync="TRUE">19</attwidth><atprecis Sync="TRUE">0</atprecis><attscale Sync="TRUE">0</attscale></attr><attr><attrlabl Sync="TRUE">CDMODELBLK</attrlabl><attalias Sync="TRUE">CDMODELBLK</attalias><attrtype Sync="TRUE">String</attrtype><attwidth Sync="TRUE">15</attwidth><atprecis Sync="TRUE">0</atprecis><attscale Sync="TRUE">0</attscale></attr><attr><attrlabl Sync="TRUE">LB_HOLD</attrlabl><attalias Sync="TRUE">LB_HOLD</attalias><attrtype Sync="TRUE">String</attrtype><attwidth Sync="TRUE">20</attwidth><atprecis Sync="TRUE">0</atprecis><attscale Sync="TRUE">0</attscale></attr><attr><attrlabl Sync="TRUE">MB_HTF</attrlabl><attalias Sync="TRUE">MB_HTF</attalias><attrtype Sync="TRUE">String</attrtype><attwidth Sync="TRUE">25</attwidth><atprecis Sync="TRUE">0</atprecis><attscale Sync="TRUE">0</attscale></attr><attr><attrlabl Sync="TRUE">NPI_SII</attrlabl><attalias Sync="TRUE">NPI_SII</attalias><attrtype Sync="TRUE">String</attrtype><attwidth Sync="TRUE">20</attwidth><atprecis Sync="TRUE">0</atprecis><attscale Sync="TRUE">0</attscale></attr><attr><attrlabl Sync="TRUE">TYPOLOGY</attrlabl><attalias Sync="TRUE">TYPOLOGY</attalias><attrtype Sync="TRUE">String</attrtype><attwidth Sync="TRUE">50</attwidth><atprecis Sync="TRUE">0</atprecis><attscale Sync="TRUE">0</attscale></attr><attr><attrlabl Sync="TRUE">ACRE</attrlabl><attalias Sync="TRUE">ACRE</attalias><attrtype Sync="TRUE">Double</attrtype><attwidth Sync="TRUE">19</attwidth><atprecis Sync="TRUE">0</atprecis><attscale Sync="TRUE">0</attscale></attr></detailed></eainfo><mdDateSt Sync="TRUE">20170330</mdDateSt></metadata>
